Trade_Date,total_trades,total_pnl,avg_trade_size,total_fees,win_trades,loss_trades,win_ratio,timestamp,value,classification,date,pnl_class,value_lag1,value_lag2,value_lag3,rolling_pnl,pnl_volatility,cluster,pca1,pca2
2023-05-01,3,0.0,159.0,0.0,0,3,0.0,1682919000,63,Greed,2023-05-01,0,,,,,,0,-1.078491832154438,-0.0038190669190668373
2023-12-05,9,0.0,5556.203333333334,12.501455,0,9,0.0,1701754200,75,Extreme Greed,2023-12-05,0,63.0,,,,,0,-0.9440549253913327,0.7015318708273143
2023-12-14,11,-205.43473700000007,10291.213636363636,28.300831000000002,4,7,0.36363636363636365,1702531800,72,Greed,2023-12-14,0,75.0,63.0,,,,0,-0.6101656503319787,0.5658247997934152
2023-12-15,2,-24.632033999999997,5304.975,2.652489,0,2,0.0,1702618200,70,Greed,2023-12-15,0,72.0,75.0,63.0,,,0,-0.960274692759161,0.6672502516941499
2023-12-16,3,0.0,5116.256666666667,3.8371890000000004,0,3,0.0,1702704600,67,Greed,2023-12-16,0,70.0,72.0,75.0,-46.013354200000016,89.75525672845443,0,-0.9630827711191392,0.6427480786593107
2023-12-17,14,304.982785,8305.572857142857,29.069499,7,7,0.5,1702791000,73,Greed,2023-12-17,1,67.0,70.0,72.0,14.983202799999981,183.50898178349672,2,-0.5683644976412361,0.021100602158817327
2023-12-18,2,0.0,15582.089999999998,7.791045,0,2,0.0,1702877400,65,Greed,2023-12-18,0,73.0,67.0,70.0,14.983202799999981,183.50898178349672,0,-0.7222857030796154,2.006950488426944
2023-12-19,15,1000.5386120000001,6106.827333333334,22.900596,10,5,0.6666666666666666,1702963800,73,Greed,2023-12-19,1,65.0,73.0,67.0,256.1778726,437.7679860094017,2,-0.5172399508248112,-0.6166448160884754
2023-12-20,18,162.732282,7868.710555555556,35.409187,8,10,0.4444444444444444,1703050200,74,Greed,2023-12-20,1,73.0,65.0,73.0,293.6507358,415.15660770207046,2,-0.6061647382181896,0.08154491130096943
2023-12-21,49,537.211402,2555.795306122449,31.308469,26,23,0.5306122448979592,1703136600,70,Greed,2023-12-21,1,74.0,73.0,65.0,401.0930162,388.8418255122861,2,-0.652389447045815,-0.794579214928915
2023-12-22,10,141.832675,8887.428,22.218566000000003,2,8,0.2,1703223000,74,Greed,2023-12-22,1,70.0,74.0,73.0,368.4629942,405.4155329319935,0,-0.7417849059051844,0.7206894205395761
2023-12-23,13,146.936704,6033.711538461538,19.609555,8,5,0.6153846153846154,1703309400,70,Greed,2023-12-23,1,74.0,70.0,74.0,397.85033500000003,376.31032989030405,2,-0.5579282401717452,-0.5162469771631912
2023-12-24,39,1008.619956,10332.177948717948,100.738715,15,24,0.38461538461538464,1703395800,71,Greed,2023-12-24,1,70.0,74.0,70.0,399.46660380000003,379.5494587691054,0,-0.531374297293275,0.5360391342542201
2023-12-25,3,-245.081348,19982.836666666666,14.987124999999999,0,3,0.0,1703482200,73,Greed,2023-12-25,0,71.0,70.0,74.0,317.90387780000003,474.96518248614734,0,-0.6186461272593029,2.5827809803731747
2023-12-27,28,-704.8892269999999,6121.823571428571,42.852747,4,24,0.14285714285714285,1703655000,73,Greed,2023-12-27,0,73.0,71.0,70.0,69.48375200000001,630.8357252168839,0,-0.8202069569190126,0.48636885553768033
2023-12-28,23,-970.730876,4352.923913043478,25.0293,0,23,0.0,1703741400,73,Greed,2023-12-28,0,73.0,73.0,71.0,-153.02895819999998,777.9889818440265,0,-0.9604751205785033,0.5508578525287859
2023-12-29,50,508.92214299999995,11391.1944,142.389901,15,35,0.3,1703827800,65,Greed,2023-12-29,1,73.0,73.0,73.0,-80.6318704,828.109381928804,0,-0.5313058520907478,0.860649184264562
2023-12-30,52,354.998648,13510.58096153846,175.637526,23,29,0.4423076923076923,1703914200,68,Greed,2023-12-30,1,65.0,73.0,73.0,-211.35613199999997,644.3835888167494,0,-0.3804086697695164,0.8484181712085285
2024-01-01,18,-129.53146,14679.973888888888,66.059867,1,17,0.05555555555555555,1704087000,65,Greed,2024-01-01,0,68.0,65.0,73.0,-188.2461544,644.9434799995485,0,-0.6689102094713671,1.786065778282454
2024-01-02,17,783.979116,7138.1611764705885,30.337176,8,9,0.47058823529411764,1704173400,71,Greed,2024-01-02,1,65.0,68.0,65.0,109.52751419999997,688.9783184101267,2,-0.6068151231377019,-0.07181792775918781
2024-01-03,67,866.015507,5888.050149253731,98.624811,28,39,0.417910447761194,1704259800,70,Greed,2024-01-03,1,71.0,65.0,68.0,476.8767908,396.6588368854729,2,-0.5937347710636393,-0.11394884584777419
2024-01-04,5,-67.60364,19958.508,24.948132,0,5,0.0,1704346200,68,Greed,2024-01-04,0,70.0,71.0,65.0,361.57163419999995,463.22472158530235,0,-0.6115715381142529,2.580870108142111
2024-01-05,66,164.141565,25817.31303030303,425.985639,13,53,0.19696969696969696,1704432600,72,Greed,2024-01-05,1,68.0,70.0,71.0,323.40021759999996,471.6881156022487,0,-0.10947234527034762,3.0168373740822525
2024-01-06,22,135.58166400000002,13569.154545454547,74.630342,10,12,0.45454545454545453,1704519000,70,Greed,2024-01-06,1,72.0,68.0,70.0,376.4228424,420.12808297025293,0,-0.4469698680732454,0.8115041180270953
2024-01-07,97,-835.681235,10812.887216494846,262.212464,9,88,0.09278350515463918,1704605400,71,Greed,2024-01-07,0,70.0,72.0,68.0,52.490772199999995,609.193046615713,0,-0.5801483411737379,1.2454729107243194
2024-01-08,128,-269.874439,11894.159609375,380.613064,32,96,0.25,1704691800,71,Greed,2024-01-08,0,71.0,70.0,72.0,-174.687217,408.8130115210286,0,-0.3746136286589389,1.0804421813802518
2024-01-09,70,-826.349863,12429.313857142857,204.012928,18,52,0.2571428571428571,1704778200,76,Extreme Greed,2024-01-09,0,71.0,71.0,70.0,-326.43646160000003,491.5715764516964,0,-0.49489119079787647,1.1030917868427588
2024-01-10,193,-1517.091342,10660.515440414507,434.044865,41,152,0.21243523316062177,1704864600,73,Greed,2024-01-10,0,76.0,71.0,71.0,-662.683043,628.1428749939136,0,-0.3562287057938932,1.0105765105705637
2024-01-11,21,-164.08950099999998,14538.766666666666,75.867171,5,16,0.23809523809523808,1704951000,76,Extreme Greed,2024-01-11,0,73.0,76.0,71.0,-722.6172760000001,541.2167546090695,0,-0.5560545828684893,1.3899045685677545
2024-01-12,7,-1925.519024,28583.181428571428,49.480726999999995,0,7,0.0,1705037400,71,Greed,2024-01-12,0,76.0,73.0,76.0,-940.5848338,769.4644529035301,0,-0.4115373661111443,3.7177909953067525
2024-01-15,14,152.85358,3616.8642857142854,12.652712,9,5,0.6428571428571429,1705296600,52,Neutral,2024-01-15,1,71.0,76.0,73.0,-856.03923,877.2567344568622,2,-0.5995456610189547,-0.8898561463481154
2024-01-16,9,-2299.171458,12936.37,17.319309,3,6,0.3333333333333333,1705383000,64,Greed,2024-01-16,0,52.0,71.0,76.0,-1150.603549,1086.9942492303471,0,-0.5875125449702578,0.9804550184910932
2024-01-17,53,813.2741110000001,15110.019433962265,159.707606,11,42,0.20754716981132076,1705469400,60,Greed,2024-01-17,1,64.0,52.0,71.0,-684.5304583999998,1356.706261830584,0,-0.48853864170436767,1.5396900377404783
2024-01-18,46,68.93319,9231.120217391304,92.657901,3,43,0.06521739130434782,1705555800,63,Greed,2024-01-18,1,60.0,64.0,52.0,-637.9259202000001,1382.8047844849525,0,-0.7518354955158282,1.059175302244387
2024-01-19,48,-385.419235,8925.603541666665,93.051868,6,42,0.125,1705642200,51,Neutral,2024-01-19,0,63.0,60.0,64.0,-329.9059624,1181.109482761834,0,-0.7241451521244564,0.896932419315419
2024-01-20,106,-146.57487000000003,10095.193490566038,267.522583,15,91,0.14150943396226415,1705728600,52,Neutral,2024-01-20,0,51.0,63.0,60.0,-389.79165240000003,1157.8752604888132,0,-0.5537184356398043,1.0480613405057204
2024-01-21,11,266.58114600000005,9375.43090909091,25.78243,3,8,0.2727272727272727,1705815000,56,Greed,2024-01-21,1,52.0,51.0,63.0,123.35886839999998,455.8446004034557,0,-0.6838434692636136,0.633070190689052
2024-01-22,85,1375.640959,3975.0469411764707,67.478268,23,62,0.27058823529411763,1705901400,55,Greed,2024-01-22,1,56.0,52.0,51.0,235.83223799999996,681.9371849715601,0,-0.7243907910065596,-0.06693329507257213
2024-01-23,45,-369.2447299999998,9211.531777777778,85.72457,11,34,0.24444444444444444,1705987800,50,Neutral,2024-01-23,0,55.0,56.0,52.0,148.19665400000005,734.8496723911301,0,-0.6521292659413982,0.6841475122120669
2024-01-24,68,-2808.353815,14192.42044117647,227.771095,10,58,0.14705882352941177,1706074200,48,Neutral,2024-01-24,0,50.0,55.0,56.0,-336.39026199999995,1536.419419218944,0,-0.5218937421414813,1.5759820756060356
2024-01-25,6,-3093.6293849999997,11094.355000000001,16.641532,0,6,0.0,1706160600,52,Neutral,2024-01-25,0,48.0,50.0,55.0,-925.8011649999999,1953.9479370301572,0,-0.8362897784120946,1.4377644978895592
2024-01-26,5,90.2,2354.642,0.444235,1,4,0.2,1706247000,49,Neutral,2024-01-26,1,52.0,48.0,50.0,-961.0773942,1928.4651210522597,0,-0.9064417298487104,-0.13445858116274212
2024-01-28,11,-2478.06972,1646.2754545454545,-0.362176,0,11,0.0,1706419800,54,Neutral,2024-01-28,0,49.0,52.0,48.0,-1731.81953,1478.7415889301853,0,-1.053572601657171,0.20025453323629752
2024-01-29,74,486.562542,5597.407837837838,103.26260500000001,45,29,0.6081081081081081,1706506200,55,Greed,2024-01-29,1,54.0,49.0,52.0,-1560.6580755999998,1707.6910187253893,2,-0.48136935362535177,-0.5454002924012499
2024-01-30,49,-173.65419100000003,8183.905714285715,100.25281,5,44,0.10204081632653061,1706592600,61,Greed,2024-01-30,0,55.0,54.0,49.0,-1033.7181507999999,1631.222023344681,0,-0.7491566163422014,0.8486685985149518
2024-01-31,859,-799.840817,7340.683504074505,1549.411475,231,628,0.2689173457508731,1706679000,60,Greed,2024-01-31,0,61.0,55.0,54.0,-574.9604372,1162.1867613816844,0,0.6776242294812547,0.6551004668939795
2024-02-01,6,0.0,334.69666666666666,0.5020439999999999,0,6,0.0,1706765400,63,Greed,2024-02-01,0,60.0,61.0,55.0,-593.0004372,1149.915884146805,0,-1.0719231126844504,0.01896450224853521
2024-02-02,42,456.423473,11292.343571428572,91.569636,13,29,0.30952380952380953,1706851800,63,Greed,2024-02-02,1,63.0,60.0,61.0,-6.101798599999995,527.9158182994702,0,-0.5599452988377225,0.8175961585952003
2024-02-03,56,223.30918699999998,10782.5,109.662349,6,50,0.10714285714285714,1706938200,60,Greed,2024-02-03,1,63.0,63.0,60.0,-58.75246960000002,477.1873916174274,0,-0.6741153846424353,1.176349544815316
2024-02-04,35,47.62389499999999,5805.358,50.52688,9,26,0.2571428571428571,1707024600,60,Greed,2024-02-04,1,60.0,63.0,63.0,-14.496852399999998,474.1181166045652,0,-0.7453757784202575,0.20517156024662325
2024-02-05,72,-33.45419400000003,10697.198055555556,165.549465,14,58,0.19444444444444445,1707111000,60,Greed,2024-02-05,0,60.0,60.0,63.0,138.78047220000002,203.27106339495577,0,-0.5850504498351505,0.9958402456473282
2024-02-06,1088,-215.615907,7396.280707720588,988.606997,179,909,0.1645220588235294,1707197400,64,Greed,2024-02-06,0,60.0,60.0,60.0,95.65729080000001,256.0835952919443,0,0.5123257584954662,0.7376373501932085
2024-02-07,15,241.24212,450.582,0.339693,2,13,0.13333333333333333,1707283800,62,Greed,2024-02-07,1,64.0,60.0,60.0,52.62102020000001,189.8007721591516,0,-0.9813453914766489,-0.24514803910777755
2024-02-08,10,770.756024,2605.112,3.0028870000000003,4,6,0.4,1707370200,66,Greed,2024-02-08,1,62.0,64.0,60.0,162.11038760000002,377.7370639670739,2,-0.771969759479947,-0.5208397831452724
2024-02-11,34,983.443176,6244.465294117647,24.955292,7,27,0.20588235294117646,1707629400,71,Greed,2024-02-11,1,66.0,62.0,64.0,349.2742438,514.0695490283049,0,-0.7739244631401057,0.3593474129830101
2024-02-12,16,913.8817869999998,14202.981249999999,27.111911,6,10,0.375,1707715800,70,Greed,2024-02-12,1,71.0,66.0,62.0,538.74144,512.3186346188091,0,-0.5038090662971506,1.046138699438646
2024-02-13,14,559.44389,142.85642857142858,-0.039992,14,0,1.0,1707802200,79,Extreme Greed,2024-02-13,1,70.0,71.0,66.0,693.7533993999999,300.4628014366799,2,-0.46962373878264113,-2.0901725817497834
2024-02-14,111,3830.599833,2890.4493693693694,22.917474000000002,83,28,0.7477477477477478,1707888600,74,Greed,2024-02-14,1,79.0,70.0,71.0,1411.624942,1361.9336356646575,2,-0.4518161377851184,-1.2236851069449883
2024-02-15,63,1840.797677,2939.4926984126987,30.706297,57,6,0.9047619047619048,1707975000,72,Greed,2024-02-15,1,74.0,79.0,70.0,1625.6332726,1319.4630868649663,2,-0.4017493237623196,-1.5301035270058103
2024-02-16,182,5491.768834,3103.826978021978,27.22517,146,36,0.8021978021978022,1708061400,72,Greed,2024-02-16,1,72.0,74.0,79.0,2527.2984042000003,2087.673786875673,2,-0.34784812374168517,-1.3206540904012274
2024-02-17,94,1929.6418,4320.405,62.055053,61,33,0.648936170212766,1708147800,76,Extreme Greed,2024-02-17,1,72.0,72.0,74.0,2730.4504068,1935.2812403314979,2,-0.4829296033810205,-0.8135679373327213
2024-02-18,97,477.6248299999999,1619.0532989690723,-3.140925,61,36,0.6288659793814433,1708234200,72,Greed,2024-02-18,1,76.0,72.0,72.0,2714.0865948,1958.4348871290317,2,-0.5961670835977222,-1.1317634329752075
2024-02-19,101,4317.768563,2835.417821782178,14.85262,77,24,0.7623762376237624,1708320600,75,Extreme Greed,2024-02-19,1,72.0,76.0,72.0,2811.5203408,2038.3569485159132,2,-0.4530888529462626,-1.26451746835596
2024-02-20,39,3263.628824,3062.0441025641026,3.073675,31,8,0.7948717948717948,1708407000,72,Greed,2024-02-20,1,75.0,72.0,76.0,3096.0865702,1967.0286026291146,2,-0.4882375062057584,-1.2961367896067526
2024-02-21,22,1858.7985700000002,4911.250909090909,2.970629,15,7,0.6818181818181818,1708493400,78,Extreme Greed,2024-02-21,1,72.0,75.0,72.0,2369.4925174,1468.732412045806,2,-0.5350389097380258,-0.8125869427562189
2024-02-22,88,3894.1050699999996,4239.02125,25.45258,40,48,0.45454545454545453,1708579800,74,Greed,2024-02-22,1,78.0,72.0,75.0,2762.3851714,1580.1780901917305,2,-0.6120406265300977,-0.4359685761506345
2024-02-23,143,1418.55293,776.966013986014,-2.067069,137,6,0.958041958041958,1708666200,76,Extreme Greed,2024-02-23,1,74.0,78.0,72.0,2950.5707914000004,1264.568832093168,2,-0.3773471215532449,-1.9336589953157441
2024-02-25,5,-30.7705,896.0260000000001,-0.0896,0,5,0.0,1708839000,74,Greed,2024-02-25,0,76.0,74.0,78.0,2080.8629788000003,1551.9137441443993,0,-1.0603240020433562,0.09215984604429107
2024-02-26,39,4416.8473,4927.875384615385,-0.09772499999999981,34,5,0.8717948717948718,1708925400,72,Greed,2024-02-26,1,74.0,76.0,74.0,2311.506674,1832.0514601601776,2,-0.3941617074590177,-1.2189826091538971
2024-02-27,63,888.511733,3323.2111111111108,-3.761609,26,37,0.4126984126984127,1709011800,79,Extreme Greed,2024-02-27,1,72.0,74.0,76.0,2117.4493066000005,1940.1887070703574,2,-0.7101188039959602,-0.4594904350062993
2024-02-28,45,2503.747235,3802.380666666667,-1.377152,39,6,0.8666666666666667,1709098200,82,Extreme Greed,2024-02-28,1,79.0,72.0,74.0,1839.3777396000005,1707.5882321396969,2,-0.43067224419276345,-1.3471379546818587
2024-02-29,116,9813.996992,3410.9200862068965,1.3590849999999999,100,16,0.8620689655172413,1709184600,80,Extreme Greed,2024-02-29,1,82.0,79.0,72.0,3518.466552000001,3904.618828480814,2,-0.34229048487811375,-1.4254129402574311
2024-03-01,137,8244.241409,3452.370072992701,-0.546854,128,9,0.9343065693430657,1709271000,80,Extreme Greed,2024-03-01,1,80.0,82.0,79.0,5173.468933800001,3775.741407718917,2,-0.29262789925103516,-1.5652840692403545
2024-03-02,31,230.90060000000005,2038.6309677419354,-0.4691290000000001,21,10,0.6774193548387096,1709357400,80,Extreme Greed,2024-03-02,1,80.0,80.0,82.0,4336.279593800001,4398.20895917739,2,-0.6081687977859943,-1.1717897526562924
2024-03-03,79,8361.086245,4946.1478481012655,-2.507103,54,25,0.6835443037974683,1709443800,83,Extreme Greed,2024-03-03,1,80.0,80.0,80.0,5830.794496200001,4198.840899118857,2,-0.4528762529432773,-0.845712915638111
2024-03-04,300,27799.775742,5259.989566666667,-0.559449,266,34,0.8866666666666667,1709530200,82,Extreme Greed,2024-03-04,1,83.0,80.0,80.0,10890.0001976,10174.84817379497,2,-0.036254495243657106,-1.3289708731989949
2024-03-05,180,19791.026041,4676.724,-4.438459,163,17,0.9055555555555556,1709616600,90,Extreme Greed,2024-03-05,1,82.0,83.0,80.0,12885.4060074,10865.914571224672,2,-0.18069548311338335,-1.4010820020682888
2024-03-06,82,6814.825139,3990.4636585365856,-3.355318,72,10,0.8780487804878049,1709703000,75,Extreme Greed,2024-03-06,1,90.0,82.0,83.0,12599.5227534,11036.023909818756,2,-0.36607666096624225,-1.3685004258087483
2024-03-08,67,4271.886236,2740.047462686567,-3.6716290000000003,59,8,0.8805970149253731,1709875800,81,Extreme Greed,2024-03-08,1,75.0,90.0,82.0,13407.7198806,10003.450629191037,2,-0.4202583880285356,-1.5244092124949444
2024-03-09,117,9949.501624,5625.459401709401,1.8517640000000002,97,20,0.8290598290598291,1709962200,84,Extreme Greed,2024-03-09,1,81.0,75.0,90.0,13725.4029564,9826.777800196178,2,-0.30948341853855843,-1.0688226992521572
2024-03-10,42,2482.9272,5237.472619047619,2.281072,29,13,0.6904761904761905,1710048600,79,Extreme Greed,2024-03-10,1,84.0,81.0,75.0,8662.033248000002,6826.034272240435,2,-0.5036622027615713,-0.7924478563398386
2024-03-11,42,3588.179495,4202.844047619047,8.47289,39,3,0.9285714285714286,1710135000,82,Extreme Greed,2024-03-11,1,79.0,84.0,81.0,5421.4639388,2990.0685453993106,2,-0.37525645738123975,-1.4262309049019635
2024-03-12,8,3039.166,12880.10625,4.945953,7,1,0.875,1710221400,81,Extreme Greed,2024-03-12,1,82.0,79.0,84.0,4666.332111,3026.7477295337358,2,-0.23974709706135855,-0.1803925444199585
2024-03-13,7,0.0,857.2571428571428,2.100278,0,7,0.0,1710307800,81,Extreme Greed,2024-03-13,0,81.0,82.0,79.0,3811.9548638,3695.066734584452,0,-1.0583908293913866,0.0873124524257314
2024-03-14,18,3465.865832,11440.732222222221,11.716792,16,2,0.8888888888888888,1710394200,88,Extreme Greed,2024-03-14,1,81.0,81.0,82.0,2515.2277053999996,1471.1274128844575,2,-0.250743426725748,-0.39790029346242833
2024-03-15,62,6236.513651,5675.71629032258,49.485003,41,21,0.6612903225806451,1710480600,83,Extreme Greed,2024-03-15,1,88.0,81.0,81.0,3265.9449956,2218.4401601691507,2,-0.4491584960707571,-0.6823280456547682
2024-03-16,8,228.57984,4652.9575,10.52828,1,7,0.125,1710567000,81,Extreme Greed,2024-03-16,1,83.0,88.0,81.0,2594.0250646,2576.348046386567,0,-0.8904203313847593,0.3223777396021811
2024-03-17,23,503.293955,4326.389130434783,33.763329,10,13,0.43478260869565216,1710653400,79,Extreme Greed,2024-03-17,1,81.0,83.0,88.0,2086.8506556,2712.8008468664575,2,-0.6879600766641105,-0.3619924588195035
2024-03-18,19,1456.9577,4760.951578947369,24.943279999999998,6,13,0.3157894736842105,1710739800,77,Extreme Greed,2024-03-18,1,79.0,81.0,83.0,2378.2421956000003,2502.719923795708,0,-0.7508162242646714,-0.06364689524694145
2024-03-19,24,668.797973,9161.868333333334,25.988312,5,19,0.20833333333333334,1710826200,79,Extreme Greed,2024-03-19,1,77.0,79.0,81.0,1818.8286237999996,2511.4231384819623,0,-0.7147163820978967,0.7365944300168622
2024-03-20,69,6423.134599,3126.171739130435,39.878838,60,9,0.8695652173913043,1710912600,74,Greed,2024-03-20,1,79.0,77.0,79.0,1856.1528134,2593.5357988699147,2,-0.3814440203013674,-1.4512768281638484
2024-03-21,28,2335.5080749999997,4210.556071428572,16.394750000000002,23,5,0.8214285714285714,1710999000,78,Extreme Greed,2024-03-21,1,74.0,79.0,77.0,2277.5384604,2428.9231217595525,2,-0.45341338401187087,-1.1939770546106996
2024-03-24,19,1297.018477,4873.274210526315,8.888837,15,4,0.7894736842105263,1711258200,74,Greed,2024-03-24,1,78.0,74.0,79.0,2436.2833648,2306.8455884178998,2,-0.4743125147881669,-1.0375593700884802
2024-03-25,7,1302.916428,8159.4742857142855,19.990712,6,1,0.8571428571428571,1711344600,75,Extreme Greed,2024-03-25,1,74.0,78.0,74.0,2405.4751103999997,2324.1580404639053,2,-0.3622010909684492,-0.7470603864819056
2024-03-26,118,3215.906593,1682.7558474576272,28.147402999999997,110,8,0.9322033898305084,1711431000,81,Extreme Greed,2024-03-26,1,75.0,74.0,78.0,2914.8968344,2118.374473046362,2,-0.36500388786095256,-1.7614679427127755
2024-03-27,38,150.41114,2628.020789473684,31.717952,12,26,0.3157894736842105,1711517400,83,Extreme Greed,2024-03-27,1,81.0,75.0,74.0,1660.3521426,1163.537564410432,0,-0.789635977744914,-0.33554411225578556
2024-03-28,13,227.85100799999998,2717.209230769231,9.059229,9,4,0.6923076923076923,1711603800,80,Extreme Greed,2024-03-28,1,83.0,81.0,75.0,1238.8207292000002,1237.2407769243016,2,-0.5927162284019903,-1.1110001930849989
2024-03-29,15,883.097404,5794.291333333333,30.420029999999997,6,9,0.4,1711690200,79,Extreme Greed,2024-03-29,1,80.0,83.0,81.0,1156.0365146,1246.1886831098907,2,-0.6806347096238035,-0.10025519789692773
2024-03-30,45,1100.57514,2246.753777777778,9.939454,44,1,0.9777777777777777,1711776600,75,Extreme Greed,2024-03-30,1,79.0,80.0,83.0,1115.5682570000001,1243.5090260419186,2,-0.4027176914452478,-1.7722841549907593
2024-03-31,13,912.786145,3070.2276923076925,13.969522000000001,10,3,0.7692307692307693,1711863000,75,Extreme Greed,2024-03-31,1,75.0,79.0,80.0,654.9441674,434.19047982068327,2,-0.53203915133597,-1.2270515420209824
2024-04-01,77,2507.963406,4408.7074025974025,83.751362,42,35,0.5454545454545454,1711949400,79,Extreme Greed,2024-04-01,1,75.0,75.0,79.0,1126.4546206,839.8811934684032,2,-0.5412741562782901,-0.5833187944931204
2024-04-02,41,883.760812,5845.475853658536,80.13257399999999,12,29,0.2926829268292683,1712035800,79,Extreme Greed,2024-04-02,1,79.0,75.0,75.0,1257.6365814,704.7996123945408,0,-0.6986239530629789,0.13880568671235222
2024-04-03,4,126.7884,4221.8925,1.661201,1,3,0.25,1712122200,71,Greed,2024-04-03,1,79.0,79.0,75.0,1106.3747806,867.6271270810838,0,-0.833755620490252,0.004893359458270202
2024-04-04,32,0.0,2999.6165625,33.595684999999996,0,32,0.0,1712208600,70,Greed,2024-04-04,0,71.0,79.0,79.0,886.2597526,999.1103190022737,0,-0.974352176976914,0.3715159256489218
2024-04-05,100,10706.484306,5037.918,103.430138,90,10,0.9,1712295000,79,Extreme Greed,2024-04-05,1,70.0,71.0,79.0,2844.9993848,4506.819488677655,2,-0.23771649864063488,-1.272830223356287
2024-04-06,16,236.33513399999998,4263.979375,23.878277,4,12,0.25,1712381400,75,Extreme Greed,2024-04-06,1,79.0,70.0,71.0,2390.6737304000007,4661.146976208355,0,-0.8117464576031476,0.013917035674707968
2024-04-07,23,0.0,2173.397391304348,17.495845,0,23,0.0,1712467800,78,Extreme Greed,2024-04-07,0,75.0,79.0,70.0,2213.9215680000007,4748.512720902294,0,-1.0082658156657802,0.2609969850516793
2024-04-08,30,1218.4267,7064.688,61.790548,1,29,0.03333333333333333,1712554200,76,Extreme Greed,2024-04-08,1,78.0,75.0,79.0,2432.2492279999997,4652.6885393804,0,-0.841290829823308,0.8325883945654495
2024-04-09,3,0.0,19021.280000000002,19.972341,0,3,0.0,1712640600,80,Extreme Greed,2024-04-09,0,76.0,78.0,75.0,2432.2492279999997,4652.6885393804,0,-0.6366529574364727,2.4575377055806786
2024-04-10,41,5207.443414,8578.926097560974,123.107562,36,5,0.8780487804878049,1712727000,78,Extreme Greed,2024-04-10,1,80.0,76.0,78.0,1332.4410496,2223.785571697041,2,-0.23837945614284856,-0.733014180115351
2024-04-11,16,389.743164,4775.06,26.740329,2,14,0.125,1712813400,76,Extreme Greed,2024-04-11,1,78.0,80.0,76.0,1363.1226556000001,2205.8679355369086,0,-0.8723528380067562,0.3405602957484364
2024-04-12,129,-592.6458390000001,3427.0433333333335,97.560875,71,58,0.5503875968992248,1712899800,79,Extreme Greed,2024-04-12,0,76.0,78.0,80.0,1244.5934878,2310.849119278593,2,-0.532916971621108,-0.7083573811135017
2024-04-13,89,6621.451755,5465.294943820225,118.999176,61,28,0.6853932584269663,1712986200,72,Greed,2024-04-13,1,79.0,76.0,78.0,2325.1984988,3332.847085603549,2,-0.38153275088352406,-0.7482536419013338
2024-04-14,107,-36104.012520000004,6160.394112149533,213.477404,33,74,0.308411214953271,1713072600,72,Greed,2024-04-14,0,72.0,79.0,76.0,-4895.604005200001,17713.901647038678,0,-0.7890776138345551,0.33573078323672556
2024-04-15,41,3774.08872,7100.272926829269,40.650603999999994,35,6,0.8536585365853658,1713159000,74,Greed,2024-04-15,1,72.0,72.0,79.0,-5182.274944000002,17520.06242784867,2,-0.3370956757649091,-0.8866127532168426
2024-04-16,47,2467.702221,3870.3653191489366,18.457685,43,4,0.9148936170212766,1713245400,65,Greed,2024-04-16,1,74.0,72.0,72.0,-4766.683132600001,17708.906883003016,2,-0.3889892233058325,-1.4342688138052087
2024-04-17,14,2441.4683999999997,6968.785000000001,10.620963,13,1,0.9285714285714286,1713331800,67,Greed,2024-04-17,1,65.0,74.0,72.0,-4159.860284800001,17938.1940514436,2,-0.33923625296390886,-1.058401924524131
2024-04-19,35,1946.4454620000001,9635.940571428573,118.04025999999999,27,8,0.7714285714285715,1713504600,66,Greed,2024-04-19,1,67.0,65.0,74.0,-5094.861543400001,17347.86994932616,2,-0.30484405270923376,-0.3596796157680317
2024-04-20,22,0.0,2760.601818181818,121.289047,0,22,0.0,1713591000,66,Greed,2024-04-20,0,66.0,67.0,65.0,2125.9409605999995,1367.8992070794295,0,-0.9432413168997038,0.36034455381766306
2024-04-22,9,0.0,5332.623333333333,16.797764,0,9,0.0,1713763800,73,Greed,2024-04-22,0,66.0,66.0,67.0,1371.1232165999995,1268.7668975002337,0,-0.9470059428068783,0.6733519590978094
2024-04-23,66,1119.536196,3531.1348484848486,71.308476,35,31,0.5303030303030303,1713850200,71,Greed,2024-04-23,1,73.0,66.0,66.0,1101.4900115999994,1110.8980545734269,2,-0.5935377468881791,-0.6618947726288992
2024-04-24,20,279.185907,7063.762,49.446315999999996,6,14,0.3,1713936600,72,Greed,2024-04-24,1,71.0,73.0,66.0,669.0335129999993,848.8119334953085,0,-0.7015719464554865,0.27970342313324564
2024-04-25,74,0.0,1624.8785135135136,160.159512,0,74,0.0,1714023000,72,Greed,2024-04-25,0,72.0,71.0,73.0,279.7444205999993,484.77349363832576,0,-0.9098761673316917,0.2172554916925298
2024-04-26,3,0.0,1662.7633333333335,1.745898,0,3,0.0,1714109400,70,Greed,2024-04-26,0,72.0,72.0,71.0,279.7444205999993,484.77349363832576,0,-1.043189489827694,0.19244216572217934
2024-04-27,27,4281.488139,5713.498888888889,53.99255,19,8,0.7037037037037037,1714195800,67,Greed,2024-04-27,1,70.0,72.0,72.0,1136.0420483999992,1817.243040332989,2,-0.45932143098731165,-0.753527289717157
2024-04-28,58,0.0,758.3724137931034,15.394946,0,58,0.0,1714282200,65,Greed,2024-04-28,0,67.0,70.0,72.0,912.1348091999993,1887.4013818139827,0,-1.0149556255189267,0.07373597614557338
2024-04-29,45,526.9338359999999,2415.5335555555553,38.04463,17,28,0.37777777777777777,1714368600,67,Greed,2024-04-29,1,65.0,67.0,70.0,961.6843949999993,1869.8004956402842,2,-0.7466341205503056,-0.49299579390727755
2024-04-30,24,0.0,5209.114583333333,43.75655,0,24,0.0,1714455000,67,Greed,2024-04-30,0,67.0,65.0,67.0,961.6843949999993,1869.8004956402842,0,-0.9247678433693592,0.662119659174471
2024-05-01,14,0.0,6216.103571428571,30.458908,0,14,0.0,1714541400,54,Neutral,2024-05-01,0,67.0,67.0,65.0,961.6843949999993,1869.8004956402842,0,-0.9160698420359557,0.7910777252599992
2024-05-03,36,5306.017045,7852.295833333333,98.910681,17,19,0.4722222222222222,1714714200,48,Neutral,2024-05-03,1,54.0,67.0,67.0,1166.5901761999992,2325.231867648918,2,-0.5128999630165011,0.011458179545046632
2024-05-04,9,0.0,6555.416666666667,20.649559,0,9,0.0,1714800600,67,Greed,2024-05-04,0,48.0,54.0,67.0,1166.5901761999992,2325.231867648918,0,-0.9170730263372413,0.8334768300001724
2024-05-05,6,0.916,4011.391666666667,8.412778,1,5,0.16666666666666666,1714887000,69,Greed,2024-05-05,1,67.0,48.0,54.0,1061.3866089999992,2372.8205817161866,0,-0.8841920136115609,0.15278775478423398
2024-05-06,9,968.59038,22890.714444444442,72.105746,4,5,0.4444444444444444,1714973400,71,Greed,2024-05-06,1,69.0,67.0,48.0,1255.104684999999,2303.0168363241596,0,-0.2457807322900005,2.0434091123863682
2024-05-07,18,883.537693,6039.865555555556,38.039061,9,9,0.5,1715059800,68,Greed,2024-05-07,1,71.0,69.0,67.0,1431.8122235999992,2214.847211537107,2,-0.609129591757873,-0.27490698309838574
2024-05-08,13,1.56576,5074.89,23.076826,1,12,0.07692307692307693,1715146200,64,Greed,2024-05-08,1,68.0,71.0,69.0,370.9219665999993,507.6647376242618,0,-0.9007133994740434,0.4807926766742122
2024-05-09,28,1147.595856,7927.361428571428,77.688132,11,17,0.39285714285714285,1715232600,55,Greed,2024-05-09,1,64.0,68.0,71.0,600.4411377999993,555.2337162709242,0,-0.6006888957804477,0.20074291918438994
2024-05-10,22,2101.741695,7131.0,54.90869,6,16,0.2727272727272727,1715319000,66,Greed,2024-05-10,1,55.0,64.0,68.0,1020.6062767999993,749.1523828261795,0,-0.7009671716352407,0.33819050759502567
2024-05-11,9,251.604742,7027.661111111111,22.137125,9,0,1.0,1715405400,53,Neutral,2024-05-11,1,66.0,55.0,64.0,877.2091491999993,826.2507483751166,2,-0.30653621048779783,-1.1867797320585785
2024-05-12,23,0.0,2399.111304347826,19.312829,0,23,0.0,1715491800,56,Greed,2024-05-12,0,53.0,66.0,55.0,700.5016105999993,914.3425598134656,0,-1.002182735701477,0.2907970624352564
2024-05-13,28,2136.853859,6897.103571428571,67.591599,10,18,0.35714285714285715,1715578200,57,Greed,2024-05-13,1,56.0,53.0,66.0,1127.5592303999993,1000.8489736004823,0,-0.6446898323848382,0.13425988345712986
2024-05-14,23,1150.5233050000002,6341.452173913043,51.048685,4,19,0.17391304347826086,1715664600,66,Greed,2024-05-14,1,57.0,56.0,53.0,1128.1447201999993,1000.8644813602172,0,-0.7850393211858213,0.4442759345982427
2024-05-15,36,948.970582,6525.626944444444,82.222887,17,19,0.4722222222222222,1715751000,64,Greed,2024-05-15,1,66.0,57.0,56.0,897.5904975999993,840.4396014676441,2,-0.5781620407502658,-0.14569262946997832
2024-05-16,27,214.5898,6022.998518518518,56.91732,5,22,0.18518518518518517,1715837400,70,Greed,2024-05-16,1,64.0,66.0,57.0,890.1875091999991,847.684084750637,0,-0.7852638394019779,0.3844932536946282
2024-05-18,25,3522.3946610000003,5052.1256,44.206092,16,9,0.64,1716010200,73,Greed,2024-05-18,1,70.0,64.0,66.0,1594.6664413999993,1277.5857201222568,2,-0.5235980958861929,-0.7057509828926714
2024-05-19,8,0.0,3749.76125,10.499327000000001,0,8,0.0,1716096600,72,Greed,2024-05-19,0,73.0,70.0,64.0,1167.2956695999994,1402.2005981331772,0,-0.9871795267505844,0.46585878931438723
2024-05-20,10,-74.818442,3812.475,13.343662,0,10,0.0,1716183000,70,Greed,2024-05-20,0,72.0,73.0,70.0,922.2273201999993,1508.885328997331,0,-0.9832349598226453,0.474842327770254
2024-05-21,125,7289.397571999999,8807.588720000002,385.331944,14,111,0.112,1716269400,76,Extreme Greed,2024-05-21,1,70.0,72.0,73.0,2190.312718199999,3225.1697116006403,0,-0.4816907427323305,0.933289866962313
2024-05-22,6,0.0,7499.215,15.748349000000001,0,6,0.0,1716355800,76,Extreme Greed,2024-05-22,0,76.0,70.0,72.0,2147.394758199999,3259.281273228032,0,-0.9002347148565921,0.9555511072633024
2024-05-23,325,413.347329,1236.4633846153845,113.43007899999999,145,180,0.4461538461538462,1716442200,76,Extreme Greed,2024-05-23,1,76.0,76.0,70.0,1525.5852917999991,3227.7979476553205,2,-0.48135979881251373,-0.7916600223797499
2024-05-24,2,821.949278,25405.949999999997,17.784165,2,0,1.0,1716528600,74,Greed,2024-05-24,1,76.0,76.0,76.0,1689.975147399999,3150.6860918612047,2,0.11006942062838174,1.2041590980128205
2024-05-25,16,14.126038999999999,1874.4456249999998,10.246887000000001,5,11,0.3125,1716615000,76,Extreme Greed,2024-05-25,1,74.0,76.0,76.0,1707.764043599999,3138.458339479281,0,-0.837328754290819,-0.42940867256124093
2024-05-26,16,778.6839,3373.541875,18.768190999999998,4,12,0.25,1716701400,75,Extreme Greed,2024-05-26,1,76.0,74.0,76.0,405.62130919999925,396.9765606139069,0,-0.8314103828141375,-0.10559718448694981
2024-05-27,251,1129.35587,602.0546613545816,45.832466,90,161,0.35856573705179284,1716787800,74,Greed,2024-05-27,1,75.0,76.0,74.0,631.4924831999994,428.52528819952647,2,-0.6345314045684828,-0.7047997139160312
2024-05-29,164,277.791953,513.8339024390243,36.876599,68,96,0.4146341463414634,1716960600,72,Greed,2024-05-29,1,74.0,75.0,76.0,604.3814079999993,449.5490505151433,2,-0.6792631557361937,-0.824991797608464
2024-05-30,7,20.951433,405.4414285714286,0.993326,5,2,0.7142857142857143,1717047000,73,Greed,2024-05-30,1,72.0,74.0,75.0,444.18183899999923,493.2323598998493,2,-0.642415705352574,-1.4582914462077856
2024-05-31,13,25.35812,279.70307692307694,1.272646,4,9,0.3076923076923077,1717133400,73,Greed,2024-05-31,1,73.0,72.0,74.0,446.42825519999934,490.80360837205825,0,-0.8834570676104778,-0.6289401984244836
2024-06-01,25,91.510419,513.3848,4.492106,9,16,0.36,1717219800,72,Greed,2024-06-01,1,73.0,73.0,72.0,308.99355899999927,470.2882377642519,2,-0.835656186878574,-0.7077895700980499
2024-06-02,93,192.906947,316.822688172043,7.792912,34,59,0.3655913978494624,1717306200,73,Greed,2024-06-02,1,72.0,73.0,73.0,121.70377439999928,111.55555725335101,2,-0.7825426095416819,-0.7495737705426666
2024-06-03,70,562.808208,306.66942857142857,5.378086,44,26,0.6285714285714286,1717392600,73,Greed,2024-06-03,1,73.0,72.0,73.0,178.70702539999928,225.6885675751491,2,-0.6422135919998481,-1.2986932514305658
2024-06-04,53,52.211438,457.42283018867926,7.432953,25,28,0.4716981132075472,1717479000,73,Greed,2024-06-04,1,73.0,73.0,72.0,184.9590263999993,220.6015566877118,2,-0.7475507619057805,-0.9486854017719787
2024-06-05,54,56.055506,469.4587037037037,7.1040600000000005,16,38,0.2962962962962963,1717565400,75,Extreme Greed,2024-06-05,1,73.0,73.0,73.0,191.09850359999925,215.41552265246116,0,-0.8514466012136609,-0.5822698861623365
2024-06-06,234,274.173187,587.8536752136753,37.079424,100,134,0.42735042735042733,1717651800,78,Extreme Greed,2024-06-06,1,75.0,73.0,73.0,227.63105719999925,209.71758907132835,2,-0.6163705632201959,-0.8467133693670664
2024-06-07,440,8902.467416,2496.7926363636366,372.962664,176,264,0.4,1717738200,77,Extreme Greed,2024-06-07,1,78.0,75.0,73.0,1969.5431509999992,3881.2439128506007,2,-0.20967569987213497,-0.5202636607533974
2024-06-08,29,129.13883900000002,3356.961379310345,34.073137,8,21,0.27586206896551724,1717824600,72,Greed,2024-06-08,1,77.0,78.0,75.0,1882.8092771999989,3925.13656614673,0,-0.8026274086306638,-0.15625590677663878
2024-06-09,17,0.0,1318.2482352941176,7.515775,0,17,0.0,1717911000,75,Extreme Greed,2024-06-09,0,72.0,77.0,78.0,1872.3669895999988,3931.2887635667153,0,-1.0374614501065373,0.14784066008272403
2024-06-10,53,31.266804999999998,879.0175471698113,14.696328000000001,18,35,0.33962264150943394,1717997400,72,Greed,2024-06-10,1,75.0,72.0,77.0,1867.4092493999992,3934.1665241357387,2,-0.8132724826171928,-0.6172349506325581
2024-06-11,123,4320.631811,3034.7960975609753,129.928213,17,106,0.13821138211382114,1718083800,74,Greed,2024-06-11,1,72.0,75.0,72.0,2676.7009741999996,3940.6788522278666,0,-0.7465547356846927,0.08402196827478284
2024-06-12,254,-21886.531493,761.4486614173228,63.921417,21,233,0.08267716535433071,1718170200,72,Greed,2024-06-12,0,74.0,72.0,75.0,-3481.0988076000003,10453.654025647778,0,-0.9241616879482026,-0.004086970359693955
2024-06-13,79,6632.757115,1678.1926582278481,33.39975,19,60,0.24050632911392406,1718256600,70,Greed,2024-06-13,1,72.0,74.0,72.0,-2180.3751524,11378.844246824532,0,-0.7847667103563868,-0.3338896218268967
2024-06-14,31,10258.592609,4511.892258064517,38.954076,15,16,0.4838709677419355,1718343000,74,Greed,2024-06-14,1,70.0,72.0,74.0,-128.65663060000006,12716.510176483427,2,-0.5863689216931379,-0.48267193150997384
2024-06-15,78,3369.958346,9209.61858974359,251.422549,38,40,0.48717948717948717,1718429400,74,Greed,2024-06-15,1,74.0,70.0,72.0,539.0816775999998,12814.28776095723,2,-0.37562825727223725,0.19622922085861105
2024-06-16,11,0.0,2294.0981818181817,8.832277,0,11,0.0,1718515800,71,Greed,2024-06-16,0,74.0,74.0,70.0,-325.04468460000027,12640.023725026533,0,-1.0190473247664402,0.27566769886110565
2024-06-17,38,10599.502375,9694.213684210526,128.93302500000001,25,13,0.6578947368421053,1718602200,71,Greed,2024-06-17,1,71.0,74.0,74.0,6172.1620889999995,4540.383652594068,2,-0.3109688976683454,-0.1520235502813109
2024-06-18,25,282.57636,10532.5916,67.160258,4,21,0.16,1718688600,74,Greed,2024-06-18,1,71.0,71.0,74.0,4902.125937999999,5217.0501245436535,0,-0.6930341193810262,1.0264049829959048
2024-06-19,61,4887.656944,6837.231475409836,138.851743,31,30,0.5081967213114754,1718775000,64,Greed,2024-06-19,1,74.0,71.0,71.0,3827.9388049999993,4313.047999348708,2,-0.47792607565562767,-0.18677213284674535
2024-06-20,39,57478.456026,5333.097435897435,13.46905,8,31,0.20512820512820512,1718861400,60,Greed,2024-06-20,1,64.0,74.0,71.0,14649.638341000002,24326.075926469428,0,-0.45388859825916383,-0.011221013162378637
2024-06-21,80,773.5582039999999,2203.306125,61.277099,3,77,0.0375,1718947800,63,Greed,2024-06-21,1,60.0,64.0,74.0,14804.349981799998,24211.804444881713,0,-0.9148140208764076,0.18899773938659414
2024-06-22,24,756.876565,7066.427916666667,40.533382,8,16,0.3333333333333333,1719034200,53,Neutral,2024-06-22,1,63.0,60.0,64.0,12835.8248198,25025.592936736437,0,-0.6801299732363751,0.20632574922473612
2024-06-23,5,0.0,358.424,0.17921199999999998,0,5,0.0,1719120600,55,Greed,2024-06-23,0,53.0,63.0,60.0,12779.3095478,25061.32273729884,0,-1.0723073831282626,0.022055187698470615
2024-06-24,31,0.0,13000.090322580645,103.551001,0,31,0.0,1719207000,51,Neutral,2024-06-24,0,55.0,53.0,63.0,11801.778159,25536.90624856107,0,-0.7109198064089585,1.6895922744654133
2024-06-25,49,4869.353105,2104.062857142857,36.084651,11,38,0.22448979591836735,1719293400,30,Fear,2024-06-25,1,51.0,55.0,53.0,1279.9575748,2042.6941232325223,0,-0.8168868318665382,-0.23454999934847998
2024-06-26,72,4197.732182,5072.092500000001,127.5543,21,51,0.2916666666666667,1719379800,46,Neutral,2024-06-26,1,30.0,51.0,55.0,1964.7923704,2377.097598632982,0,-0.6491763518256924,0.033698179569692406
2024-06-27,30,0.0,4349.565,45.556012,0,30,0.0,1719466200,40,Fear,2024-06-27,0,46.0,30.0,51.0,1813.4170573999995,2494.451242890129,0,-0.9389482774282704,0.5501258539797081
2024-06-29,75,6150.326145,3734.6014666666665,460.295231,24,51,0.32,1719639000,30,Fear,2024-06-29,1,40.0,46.0,30.0,3043.4822864,2865.490563790455,0,-0.4808882034704222,-0.13529962116462427
2024-06-30,14,0.0,2180.049285714286,17.057669,0,14,0.0,1719725400,47,Neutral,2024-06-30,0,30.0,40.0,46.0,3043.4822864,2865.490563790455,0,-1.0152157673611026,0.2624051556110273
2024-07-01,64,5065.839308,5666.721093749999,425.323025,26,38,0.40625,1719811800,53,Neutral,2024-07-01,1,47.0,30.0,40.0,3082.7795269999997,2897.953890061679,2,-0.417770144057108,-0.06519840360430319
2024-07-02,18,2421.253116,1852.6372222222224,11.458730000000001,13,5,0.7222222222222222,1719898200,51,Neutral,2024-07-02,1,53.0,47.0,30.0,2727.4837137999994,2835.307266896579,2,-0.5762719876967969,-1.2954246223423531
2024-07-03,18,1118.387284,9977.814444444444,62.628682,4,14,0.2222222222222222,1719984600,50,Neutral,2024-07-03,1,51.0,53.0,47.0,2951.1611705999994,2600.756384151277,0,-0.6711170431598303,0.8204517921893788
2024-07-04,25,0.0,17222.720400000002,113.02464499999999,0,25,0.0,1720071000,44,Fear,2024-07-04,0,50.0,51.0,53.0,1721.0959415999998,2119.2645223207596,0,-0.6140714294940546,2.242130869889707
2024-07-05,32,0.0,8509.0590625,95.130717,0,32,0.0,1720157400,29,Fear,2024-07-05,0,44.0,50.0,51.0,1721.0959415999998,2119.2645223207596,0,-0.8172036487546136,1.1026778160044428
2024-07-06,24,108.87217799999999,103.75708333333334,344.35416,7,17,0.2916666666666667,1720243800,26,Fear,2024-07-06,1,29.0,44.0,50.0,729.7025155999997,1056.264776645679,0,-0.715109262594538,-0.544334299532858
2024-07-07,10,61.428942,49.875,0.049875,10,0,1.0,1720330200,29,Fear,2024-07-07,1,26.0,29.0,44.0,257.7376807999998,483.289049779976,2,-0.47779154147894015,-2.099772322057007
2024-07-08,1,0.0,497.64,0.0156,0,1,0.0,1720416600,28,Fear,2024-07-08,0,29.0,26.0,29.0,34.06022399999982,49.563524295059864,0,-1.072261506458207,0.04043684406330875
2024-07-09,15,648.984412,182.42999999999998,0.39756800000000003,15,0,1.0,1720503000,27,Fear,2024-07-09,1,28.0,29.0,26.0,163.85710639999982,275.0280333379326,2,-0.4671884855404022,-2.085389699796375
2024-07-10,56,11977.734907,12283.93232142857,240.76504,38,18,0.6785714285714286,1720589400,28,Fear,2024-07-10,1,27.0,28.0,29.0,2559.4040878,5271.389629694561,2,-0.16079588089527447,0.1594466324383666
2024-07-11,19,1876.812082,8941.422105263156,59.460443,9,10,0.47368421052631576,1720675800,29,Fear,2024-07-11,1,28.0,27.0,28.0,2912.9920686,5123.131303626923,2,-0.5408295246019781,0.1580352498729582
2024-07-12,19,1412.314654,4714.893157894737,31.354029,9,10,0.47368421052631576,1720762200,25,Fear,2024-07-12,1,29.0,28.0,27.0,3183.169211,4968.438874866456,2,-0.6545747329023526,-0.3966168691691291
2024-07-13,17,2913.617837,8187.599411764706,48.71621,17,0,1.0,1720848600,25,Fear,2024-07-13,1,25.0,29.0,28.0,3765.8927783999998,4663.255229731883,2,-0.24428604774970278,-1.0422250838091855
2024-07-14,7,0.0,12000.16142857143,29.400389,0,7,0.0,1720935000,33,Fear,2024-07-14,0,25.0,25.0,29.0,3636.095896,4779.288436863646,0,-0.7895561325634602,1.544764002247782
2024-07-15,26,-1.0,7628.6480769230775,68.995769,0,26,0.0,1721021400,52,Neutral,2024-07-15,0,33.0,25.0,25.0,1240.3489146,1256.3736529572975,0,-0.8551312665466746,0.9826884707946116
2024-07-16,22,0.0,6545.480454545454,50.400180999999996,0,22,0.0,1721107800,65,Greed,2024-07-16,0,52.0,33.0,25.0,864.9864981999999,1298.3445586250753,0,-0.892356310384533,0.8377930348232435
2024-07-17,351,1859.269477,1783.4915384615385,206.601913,145,206,0.4131054131054131,1721194200,69,Greed,2024-07-17,1,65.0,52.0,33.0,954.3774627999999,1359.399792250678,2,-0.4129260200547798,-0.6394307695384759
2024-07-18,60,3803.884311,10828.414166666666,227.396664,48,12,0.8,1721280600,61,Greed,2024-07-18,1,69.0,65.0,52.0,1132.4307575999999,1696.6454208070713,2,-0.17492228046355232,-0.24980613697124837
2024-07-19,23,2155.891114,6533.453043478262,52.594288,12,11,0.5217391304347826,1721367000,60,Greed,2024-07-19,1,61.0,69.0,65.0,1563.6089803999998,1608.564664309575,2,-0.5659473407054492,-0.2586531952579085
2024-07-20,266,2299.169566,918.65492481203,80.758418,33,233,0.12406015037593984,1721453400,74,Greed,2024-07-20,1,60.0,61.0,69.0,2023.6428936,1358.7506415942255,0,-0.7311967108227801,-0.17414111815940733
2024-07-21,448,-2960.716887,523.0077232142856,64.72334,21,427,0.046875,1721539800,74,Greed,2024-07-21,0,74.0,60.0,61.0,1431.4995162,2568.0905449761,0,-0.6872650711015995,-0.05815026826731907
2024-07-22,154,1517.119876,1975.4142857142856,97.459536,22,132,0.14285714285714285,1721626200,70,Greed,2024-07-22,1,74.0,74.0,60.0,1363.0695959999998,2558.382625094374,0,-0.7777391564125683,-0.06053191906944598
2024-07-23,370,89890.302206,968.9906486486486,59.243126000000004,329,41,0.8891891891891892,1721712600,71,Greed,2024-07-23,1,70.0,74.0,74.0,18580.353175,39922.17539957933,2,0.3280334779788044,-2.1603542347345095
2024-07-24,90,625.561479,768.977,55.067279,18,72,0.2,1721799000,69,Greed,2024-07-24,1,71.0,70.0,74.0,18274.287248,40085.1080940113,0,-0.8469466623637918,-0.33741105786727427
2024-07-25,78,916.7382600000001,6776.350128205129,224.185916,10,68,0.1282051282051282,1721885400,68,Greed,2024-07-25,1,69.0,71.0,70.0,17997.8009868,40227.358421502744,0,-0.6744400708897539,0.6311940463575582
2024-07-26,152,2766.513113,3609.1292763157894,206.567015,61,91,0.40131578947368424,1721971800,68,Greed,2024-07-26,1,68.0,69.0,71.0,19143.246986799997,39557.344098225876,2,-0.5248358747258925,-0.36701830472469976
2024-07-27,57,6400.623656,15880.697368421053,316.819894,42,15,0.7368421052631579,1722058200,72,Greed,2024-07-27,1,68.0,68.0,69.0,20119.9477428,39070.63558163758,2,-0.03842000940452525,0.548056701200772
2024-07-28,16,587.29903,2703.4175,15.139122,12,4,0.75,1722144600,71,Greed,2024-07-28,1,72.0,68.0,68.0,2259.3471075999996,2483.696216279295,2,-0.5510193258109853,-1.2333251587312868
2024-07-29,39,330.80445399999996,8389.72153846154,114.519684,16,23,0.41025641025641024,1722231000,74,Greed,2024-07-29,1,71.0,72.0,68.0,2200.3957026,2535.13473630188,0,-0.5576874895427171,0.23569095067965587
2024-07-30,6,0.0,6001.078333333334,12.602264,0,6,0.0,1722317400,67,Greed,2024-07-30,0,74.0,71.0,72.0,2017.0480506,2680.1826213630584,0,-0.9361144393531646,0.7597153772470185
2024-07-31,43,765.690884,1965.2683720930231,29.577267000000003,14,29,0.32558139534883723,1722403800,61,Greed,2024-07-31,1,67.0,74.0,71.0,1616.8836047999998,2689.65864449641,0,-0.7924742226630153,-0.4458031122531384
2024-08-01,57,167.080017,3996.044385964912,108.095036,4,53,0.07017543859649122,1722490200,52,Neutral,2024-08-01,1,61.0,67.0,74.0,370.17487700000004,309.59764273019334,0,-0.8519140331407282,0.3691190977405044
2024-08-02,63,782.3681909999999,6290.799523809524,145.520462,17,46,0.2698412698412698,1722576600,57,Greed,2024-08-02,1,52.0,61.0,67.0,409.18870919999995,353.04137020753524,0,-0.6528942472149517,0.25759250785822063
2024-08-03,37,464.1897,7852.239459459459,108.653106,1,36,0.02702702702702703,1722663000,37,Fear,2024-08-03,1,57.0,52.0,61.0,435.86575839999995,350.669192069849,0,-0.8026275713714022,0.9614346603292284
2024-08-04,127,-122672.000883,9509.795826771655,445.902235,3,124,0.023622047244094488,1722749400,34,Fear,2024-08-04,0,37.0,57.0,52.0,-24098.5344182,55104.82003744931,0,-1.2761113474588195,1.7981900828993358
2024-08-05,80,-13013.665169,5256.1925,202.719158,33,47,0.4125,1722835800,26,Fear,2024-08-05,0,34.0,37.0,57.0,-26854.405628799996,53881.43293655275,2,-0.633337917364738,-0.10150697554876724
2024-08-06,107,267.318048,574.5642990654205,62.621279,13,94,0.12149532710280374,1722922200,17,Extreme Fear,2024-08-06,1,26.0,34.0,37.0,-26834.358022599998,53894.01743316895,0,-0.8836686236902511,-0.19732586784681586
2024-08-07,33,188.789255,75.53848484848484,3.7522038,10,23,0.30303030303030304,1723008600,29,Fear,2024-08-07,1,17.0,26.0,34.0,-26953.0738098,53818.576985986314,0,-0.8733804591082941,-0.6474307933926667
2024-08-08,9,-40.712216999999995,1811.038888888889,6.647995,0,9,0.0,1723095000,20,Extreme Fear,2024-08-08,0,29.0,17.0,26.0,-27054.0541932,53754.708626623564,0,-1.0329829668215997,0.21258787472238241
2024-08-09,144,18082.071276,3494.4781944444444,185.25438068,43,101,0.2986111111111111,1723181400,48,Neutral,2024-08-09,1,20.0,29.0,17.0,1096.7602385999999,11072.614025858173,0,-0.5126144504988541,-0.24026088823809802
2024-08-10,88,0.0,128.8555681818182,50.0831879,0,88,0.0,1723267800,40,Fear,2024-08-10,0,48.0,20.0,29.0,3699.4932724,8041.12565307069,0,-0.9889332455233178,-0.0027743032322452336
2024-08-11,24,847.7766200000001,1842.9254166666667,40.931287,4,20,0.16666666666666666,1723354200,39,Fear,2024-08-11,1,40.0,48.0,20.0,3815.5849867999996,7983.167944771592,0,-0.8985197837473615,-0.12756526960646694
2024-08-12,48,858.6705000000001,1128.4858333333334,36.071895,6,42,0.125,1723440600,25,Fear,2024-08-12,1,39.0,40.0,48.0,3949.5612358,7912.392646400948,0,-0.9238019578831811,-0.13673583618257748
2024-08-13,23,212.08102,904.2552173913043,17.932876999999998,8,15,0.34782608695652173,1723527000,31,Fear,2024-08-13,1,25.0,39.0,40.0,4000.1198831999995,7881.267740892334,2,-0.8279999223906482,-0.628983669820315
2024-08-14,25,2168.9015130000003,2668.4012,46.493106,5,20,0.2,1723613400,30,Fear,2024-08-14,1,31.0,25.0,39.0,817.4859306000001,846.1288500407429,0,-0.8481112644575538,-0.09411486788109608
2024-08-15,12,0.0,126.86416666666668,16.50261,0,12,0.0,1723699800,29,Fear,2024-08-15,0,30.0,31.0,25.0,817.4859306000001,846.1288500407429,0,-1.064023182162078,-0.005019705999963686
2024-08-16,35,825.230544,4753.795428571429,81.187942,3,32,0.08571428571428572,1723786200,27,Fear,2024-08-16,1,29.0,30.0,31.0,812.9767154000001,845.98713222319,0,-0.851676833915717,0.42821946748265155
2024-08-17,30,-288.283113,1008.2986666666667,17.096539,0,30,0.0,1723872600,25,Fear,2024-08-17,0,27.0,29.0,30.0,583.5859928000001,976.0073874170516,0,-1.0315366503223837,0.10992768504490859
2024-08-18,15,307.201888,4186.965333333334,21.981557000000002,12,3,0.8,1723959000,31,Fear,2024-08-18,1,25.0,27.0,29.0,602.6101664,967.8486857246577,2,-0.4862036421685332,-1.1413141796020285
2024-08-19,8,339.69958299999996,12539.37875,35.110258,5,3,0.625,1724045400,28,Fear,2024-08-19,1,31.0,25.0,27.0,236.7697804,416.4077827449657,2,-0.3980997298997421,0.31406462368450433
2024-08-20,12,192.602844,4159.566666666667,17.470174,1,11,0.08333333333333333,1724131800,30,Fear,2024-08-20,1,28.0,31.0,25.0,275.2903492,397.5089258052062,0,-0.9202671097112792,0.3462171204976476
2024-08-21,145,656.200925,724.0717931034483,36.746583,54,91,0.3724137931034483,1724218200,26,Fear,2024-08-21,1,30.0,28.0,31.0,241.48442539999996,342.4170815171911,2,-0.711968194177428,-0.7101068162196896
2024-08-23,10,1005.30527,6350.956,22.228341999999998,3,7,0.3,1724391000,34,Fear,2024-08-23,1,26.0,30.0,28.0,500.202102,330.5647772508304,0,-0.7348488757081262,0.17836709665622733
2024-08-24,7,0.0,4999.952857142857,12.249882,0,7,0.0,1724477400,56,Greed,2024-08-24,0,34.0,26.0,30.0,438.76172439999993,397.2312764871938,0,-0.9584437846680183,0.6291620579937631
2024-08-25,17,0.0,1291.1929411764704,26.303603,0,17,0.0,1724563800,54,Neutral,2024-08-25,0,56.0,34.0,26.0,370.8218078,444.6319066599393,0,-1.0286051872980697,0.14844144461289258
2024-08-26,6,231.236918,15435.211666666668,32.302932,2,4,0.3333333333333333,1724650200,55,Greed,2024-08-26,1,54.0,56.0,34.0,378.5486226,441.0820654220644,0,-0.5096725641121053,1.2982306433425297
2024-08-27,50,0.0,1405.0032,52.053552,0,50,0.0,1724736600,48,Neutral,2024-08-27,0,55.0,54.0,56.0,247.3084376,435.4026531838479,0,-0.9877819754433108,0.1665807316999314
2024-08-28,9,1333.359645,7906.674444444444,24.906026,2,7,0.2222222222222222,1724823000,30,Fear,2024-08-28,1,48.0,55.0,54.0,312.9193126,579.1644788342461,0,-0.7431264746798475,0.5420705915953316
2024-08-29,1,0.0,9995.85,3.498547,0,1,0.0,1724909400,29,Fear,2024-08-29,0,30.0,48.0,55.0,312.9193126,579.1644788342461,0,-0.8530866835698074,1.2784238492389326
2024-08-30,6,256.464,6205.54,13.031175999999999,1,5,0.16666666666666666,1724995800,34,Fear,2024-08-30,1,29.0,30.0,48.0,364.2121126,555.3917364430454,0,-0.8300847637914782,0.43847483120039776
2024-08-31,34,10.882801,3161.983235294118,39.955315,12,22,0.35294117647058826,1725082200,29,Fear,2024-08-31,1,34.0,29.0,30.0,320.14128919999996,576.9072577802118,0,-0.7549688905547663,-0.3405921133041531
2024-09-01,12,137.433093,1029.9733333333334,4.325861,5,7,0.4166666666666667,1725168600,26,Fear,2024-09-01,1,29.0,34.0,29.0,347.6279078,560.892637947684,2,-0.7997201990551115,-0.7577405414989986
2024-09-02,2,0.0,15000.21,10.500148,0,2,0.0,1725255000,26,Fear,2024-09-02,0,26.0,29.0,34.0,80.9559788,114.02929578709768,0,-0.7342388667349284,1.9317504873928286
2024-09-04,34,1065.785132,3867.0873529411765,63.570226999999996,5,29,0.14705882352941177,1725427800,27,Fear,2024-09-04,1,26.0,26.0,29.0,294.1130052,443.89349008560777,0,-0.8435119870653094,0.18019739045970176
2024-09-05,1,0.0,0.84,0.0,0,1,0.0,1725514200,29,Fear,2024-09-05,0,27.0,26.0,26.0,242.8202052,463.706797916946,0,-1.0836413451419562,-0.02427898908419732
2024-09-06,42,-1104.856765,929.6928571428571,13.666476,0,42,0.0,1725600600,22,Extreme Fear,2024-09-06,0,29.0,27.0,26.0,19.672292000000017,770.317999018974,0,-1.0308532348886197,0.10170637887206758
2024-09-08,1,0.0,0.11,0.0,0,1,0.0,1725773400,29,Fear,2024-09-08,0,22.0,29.0,27.0,-7.814326600000004,767.5123940791519,0,-1.083658055163583,-0.024374077767576583
2024-09-09,2,0.0,2007.2150000000001,34.9079,0,2,0.0,1725859800,26,Fear,2024-09-09,0,29.0,22.0,29.0,-7.814326600000004,767.5123940791519,0,-1.019344288847904,0.24466168242732936
2024-09-10,3,-219.729659,849.0933333333334,7.2904,0,3,0.0,1725946200,33,Fear,2024-09-10,0,26.0,29.0,22.0,-264.9172848,479.08343617904103,0,-1.0603536951943586,0.08864655341485574
2024-09-11,1,0.0,0.54,0.0,0,1,0.0,1726032600,37,Fear,2024-09-11,0,33.0,26.0,29.0,-264.9172848,479.08343617904103,0,-1.0836482122741316,-0.024318066625312194
2024-09-14,11,0.0,92.25454545454546,30.381330000000002,0,11,0.0,1726291800,50,Neutral,2024-09-14,0,37.0,33.0,26.0,-43.9459318,98.26609084315848,0,-1.058580311843375,-0.006409878106045186
2024-09-18,145,-878.684794,94.02413793103449,31.732943,0,145,0.0,1726637400,45,Neutral,2024-09-18,0,50.0,37.0,33.0,-219.6828906,380.48167766076205,0,-0.9607440797473004,-0.011483518598045283
2024-09-19,19,0.0,80.09842105263158,28.60766,0,19,0.0,1726723800,49,Neutral,2024-09-19,0,45.0,50.0,37.0,-219.68289059999998,380.48167766076205,0,-1.0536364710637043,-0.008949764830263196
2024-09-20,16,9585.03428,20804.58625,109.317031,8,8,0.5,1726810200,54,Neutral,2024-09-20,1,49.0,45.0,50.0,1741.2698971999998,4401.274384809203,0,-0.1838603297963006,1.6255241344506641
2024-09-21,23,36165.56933,7202.092173913044,57.976841,23,0,1.0,1726896600,54,Neutral,2024-09-21,1,54.0,49.0,45.0,8974.3837632,15794.742435642018,2,-0.055515770385595097,-1.316455951329548
2024-09-22,3,0.0,6666.579999999999,6.999907,0,3,0.0,1726983000,52,Neutral,2024-09-22,0,54.0,54.0,49.0,8974.3837632,15794.742435642018,0,-0.9260000820389166,0.8453852159119732
2024-09-23,2,334.760796,20167.145,14.117002000000001,1,1,0.5,1727069400,50,Neutral,2024-09-23,1,52.0,54.0,54.0,9217.0728812,15613.785490837827,0,-0.313383126423059,1.563606430408211
2024-09-24,10,0.0,711.863,12.966142,0,10,0.0,1727155800,54,Neutral,2024-09-24,0,50.0,52.0,54.0,9217.0728812,15613.785490837827,0,-1.0539450663692402,0.07054665469739742
2024-09-25,9,0.0,5861.570000000001,17.764677,0,9,0.0,1727242200,59,Greed,2024-09-25,0,54.0,50.0,52.0,7300.0660252,16136.957968373266,0,-0.9344104616251205,0.7424640336106374
2024-09-26,8,439.812513,14213.991250000001,31.348204,2,6,0.25,1727328600,50,Neutral,2024-09-26,1,59.0,54.0,50.0,154.91466180000003,215.35266130796313,0,-0.5850989911992699,1.3112950581908902
2024-09-27,56,0.0,2251.732857142857,37.503311,0,56,0.0,1727415000,61,Greed,2024-09-27,0,50.0,59.0,54.0,154.91466180000003,215.35266130796313,0,-0.9711508371618356,0.2732545877343253
2024-09-28,4,0.0,7299.8025,2.8031200000000003,0,4,0.0,1727501400,64,Greed,2024-09-28,0,61.0,50.0,59.0,87.96250260000001,196.69013528638055,0,-0.9128573933173773,0.9268755049147224
2024-09-30,106,2710.626288,2025.1872641509435,65.637576,5,101,0.04716981132075472,1727674200,61,Greed,2024-09-30,1,64.0,61.0,50.0,630.0877601999999,1178.5453949701723,0,-0.8792642579242457,0.13619742255867065
2024-10-01,4,0.0,34988.58,48.98401,0,4,0.0,1727760600,50,Neutral,2024-10-01,0,61.0,64.0,61.0,630.0877601999999,1178.5453949701723,0,-0.2557579188600334,4.54371256440786
2024-10-02,4,0.0,24988.585,34.984016999999994,0,4,0.0,1727847000,42,Fear,2024-10-02,0,50.0,61.0,64.0,542.1252575999999,1212.2289283134755,0,-0.49172305408394096,3.2380547402962963
2024-10-03,9,100.375782,14770.632222222222,46.527491000000005,3,6,0.3333333333333333,1727933400,37,Fear,2024-10-03,1,42.0,50.0,61.0,562.200414,1201.7927903035882,0,-0.5162124746569252,1.2151543338040645
2024-10-04,1,0.0,0.34,0.0,0,1,0.0,1728019800,41,Fear,2024-10-04,0,37.0,42.0,50.0,562.200414,1201.7927903035882,0,-1.0836527903622486,-0.024344118319388517
2024-10-05,37,5767.161892,16367.722702702702,211.961771,24,13,0.6486486486486487,1728106200,49,Neutral,2024-10-05,1,41.0,37.0,42.0,1173.5075348,2568.2986545079857,2,-0.15198869565414433,0.7762295471660153
2024-10-06,22,130.487079,13642.298181818182,105.045693,5,17,0.22727272727272727,1728192600,50,Neutral,2024-10-06,1,49.0,41.0,37.0,1199.6049506,2554.016360383083,0,-0.5657702358588423,1.3006824049105594
2024-10-07,21,0.0,10475.459523809524,76.994616,0,21,0.0,1728279000,50,Neutral,2024-10-07,0,50.0,49.0,41.0,1199.6049506,2554.016360383083,0,-0.7897491351542008,1.3556159228710638
2024-10-08,36,5396.546638,12071.781388888889,152.10422,33,3,0.9166666666666666,1728365400,49,Neutral,2024-10-08,1,50.0,50.0,49.0,2258.8391217999997,3036.7798690209675,2,-0.12340366596096103,-0.3525211736495363
2024-10-09,14,396.06272,15742.852142857142,77.139967,3,11,0.21428571428571427,1728451800,49,Neutral,2024-10-09,1,49.0,50.0,50.0,2338.0516658,2967.5046967468315,0,-0.5440235890323927,1.5945854684787464
2024-10-10,16,0.0,18751.521249999998,105.00851,0,16,0.0,1728538200,39,Fear,2024-10-10,0,49.0,49.0,50.0,1184.6192873999998,2360.0844207184246,0,-0.5900006360896971,2.440148054623877
2024-10-11,26,8885.327477,18804.007307692307,171.116194,18,8,0.6923076923076923,1728624600,32,Fear,2024-10-11,1,39.0,49.0,49.0,2935.587367,4035.4757997467623,2,-0.08019878976713359,0.9807057467434033
2024-10-12,10,541.55471,15971.34,55.899685,7,3,0.7,1728711000,49,Neutral,2024-10-12,1,32.0,39.0,49.0,3043.898309,3943.20055900264,2,-0.2614911513234273,0.6085605269444484
2024-10-13,10,0.0,6000.242,21.000841,0,10,0.0,1728797400,50,Neutral,2024-10-13,0,49.0,32.0,39.0,1964.5889814000002,3876.2463230050157,0,-0.9288394708503828,0.7611668741674507
2024-10-14,5,1913.61958,12383.204000000002,21.670604,5,0,1.0,1728883800,48,Neutral,2024-10-14,1,50.0,49.0,32.0,2268.1003534,3780.9677897646334,2,-0.17713907912823826,-0.4963646424990841
2024-10-15,7,1170.2260760000001,11596.194285714286,28.410673,4,3,0.5714285714285714,1728970200,65,Greed,2024-10-15,1,48.0,50.0,49.0,2502.1455686,3639.025714770505,2,-0.4507921751821966,0.29760466330428464
2024-10-16,11,219.480876,7293.560909090909,28.080204000000002,3,8,0.2727272727272727,1729056600,73,Greed,2024-10-16,1,65.0,48.0,50.0,768.9762484,777.2065317128955,0,-0.7306257437894454,0.3626023609056399
2024-10-17,9,36.11496,15614.638888888889,49.186107,1,8,0.1111111111111111,1729143000,71,Greed,2024-10-17,1,73.0,65.0,48.0,667.8882984,844.1669289127327,0,-0.6287085915166434,1.788402312544122
2024-10-18,6,333.219141,20055.238333333335,42.115998,5,1,0.8333333333333334,1729229400,73,Greed,2024-10-18,1,71.0,73.0,65.0,734.5321266000001,789.6506952553842,2,-0.09962534738341003,0.861239897305051
2024-10-19,4,0.0,24999.215,34.998901000000004,0,4,0.0,1729315800,72,Greed,2024-10-19,0,73.0,71.0,73.0,351.80821060000005,477.25651512566293,0,-0.49147222201108987,3.239442655696395
2024-10-20,96,389.155797,1837.9985416666668,59.257459,11,85,0.11458333333333333,1729402200,73,Greed,2024-10-20,1,72.0,73.0,71.0,195.5941548,173.68650535961618,0,-0.8682441232288084,-0.018868339867051394
2024-10-21,173,2464.915564,1873.5143930635838,109.858043,68,105,0.3930635838150289,1729488600,72,Greed,2024-10-21,1,73.0,72.0,73.0,644.6810923999999,1032.1726725414246,2,-0.6040465397815358,-0.5973080272080754
2024-10-22,3,0.0,20000.12,21.000124,0,3,0.0,1729575000,70,Greed,2024-10-22,0,72.0,73.0,72.0,637.4581003999999,1037.6080448671153,0,-0.6137285200830302,2.5852655618551936
2024-10-23,18,-46.489941,11667.003888888888,73.502111,0,18,0.0,1729661400,71,Greed,2024-10-23,0,70.0,72.0,73.0,561.516284,1078.5302036358637,0,-0.7668118504996057,1.5104766847514461
2024-10-25,30,13235.862071,14262.772666666666,143.841914,21,9,0.7,1729834200,72,Greed,2024-10-25,1,71.0,70.0,72.0,3208.6886982,5699.540359523731,2,-0.16381321498538992,0.34759813148896324
2024-10-27,4,666.6623079999999,22666.1025,31.73254,3,1,0.75,1730007000,74,Greed,2024-10-27,1,72.0,71.0,70.0,3264.1900004000004,5666.475351886614,2,-0.0943885205459007,1.3711254047603025
2024-10-28,13,167.28016200000002,9345.788461538461,42.27334,4,9,0.3076923076923077,1730093400,72,Greed,2024-10-28,1,74.0,72.0,71.0,2804.6629199999998,5838.063824774133,0,-0.6543893777248541,0.5603667265343412
2024-10-29,53,801.170876,11571.09075471698,214.643714,3,50,0.05660377358490566,1730179800,72,Greed,2024-10-29,1,72.0,74.0,72.0,2964.8970952,5752.204538470094,0,-0.6320937933422317,1.4049401520509783
2024-10-30,25,9.150023,473.23400000000004,3.596988,7,18,0.28,1730266200,77,Extreme Greed,2024-10-30,1,72.0,72.0,74.0,2976.025088,5744.971669240207,0,-0.8853230222577991,-0.5463723283787356
2024-10-31,48,1214.043811,18670.278333333332,312.710928,34,14,0.7083333333333334,1730352600,77,Extreme Greed,2024-10-31,1,77.0,72.0,72.0,571.661436,488.4409301441798,2,-0.032069998680404076,0.993487049964156
2024-11-01,23,1040.475736,11347.001304347827,90.654875,6,17,0.2608695652173913,1730439000,75,Extreme Greed,2024-11-01,1,77.0,77.0,72.0,646.4241216,533.1773990365583,0,-0.599201645233269,0.9245200162295352
2024-11-02,2,0.0,20000.0,13.999997,0,2,0.0,1730525400,72,Greed,2024-11-02,0,75.0,77.0,77.0,612.9680892,574.413012522125,0,-0.6180263351207269,2.583783895152702
2024-11-03,6,0.0,21509.27666666667,40.404152,0,6,0.0,1730611800,74,Greed,2024-11-03,0,72.0,75.0,77.0,452.733914,618.8165864630357,0,-0.5671031691508225,2.7858936202427347
2024-11-04,36,2799.410474,12550.332499999999,158.13418000000001,23,13,0.6388888888888888,1730698200,70,Greed,2024-11-04,1,74.0,72.0,75.0,1010.7860042,1149.4291412199873,2,-0.29114862848005424,0.30070636256605904
2024-11-05,10,678.4759280000001,20062.723,70.219524,5,5,0.5,1730784600,70,Greed,2024-11-05,1,70.0,74.0,72.0,903.6724275999999,1150.706202946863,0,-0.27927290774448854,1.5602308194503889
2024-11-06,15,2817.83723,8260.46,43.36741,7,8,0.4666666666666667,1730871000,70,Greed,2024-11-06,1,70.0,70.0,74.0,1259.1447263999999,1441.3542270629234,2,-0.5660658687692361,0.07651442375149396
2024-11-07,113,4493.353136,985.2681415929204,26.17844238,60,53,0.5309734513274337,1730957400,77,Extreme Greed,2024-11-07,1,70.0,70.0,70.0,2157.8153536,1812.9135490443896,2,-0.6177365320959703,-1.0231128916398666
2024-11-08,39,-64.41354100000007,6941.036923076923,93.87825699999999,6,33,0.15384615384615385,1731043800,75,Extreme Greed,2024-11-08,0,77.0,70.0,70.0,2144.9326453999997,1832.2067626325165,0,-0.7568523860963525,0.5777932318965583
2024-11-09,86,102.90894,2248.655930232558,66.18450299999999,19,67,0.22093023255813954,1731130200,75,Extreme Greed,2024-11-09,1,75.0,77.0,70.0,1605.6323386,1982.1214622758987,0,-0.8011989731639004,-0.18318350684027512
2024-11-10,173,991.114334,2390.963583815029,142.313546,51,122,0.2947976878612717,1731216600,78,Extreme Greed,2024-11-10,1,75.0,75.0,77.0,1668.1600197999996,1950.236317638111,0,-0.6434980591580913,-0.3117545130435613
2024-11-11,373,6749.630996,4210.649919571046,396.91055,92,281,0.24664879356568364,1731303000,76,Extreme Greed,2024-11-11,1,78.0,75.0,75.0,2454.518773,3025.784027701626,0,-0.31429565007325566,0.04165605432132703
2024-11-12,171,3494.399394,7171.663859649123,427.904853,34,137,0.19883040935672514,1731389400,80,Extreme Greed,2024-11-12,1,76.0,78.0,75.0,2254.7280246,2887.3171093433634,0,-0.4336810373583281,0.5624213632472599
2024-11-13,48,7846.402274,10736.174375,179.184068,27,21,0.5625,1731475800,84,Extreme Greed,2024-11-13,1,80.0,76.0,78.0,3836.8911875999997,3417.550376291707,2,-0.3278520858053343,0.20474904450133805
2024-11-14,110,4563.509225,9166.925545454545,335.028802,28,82,0.2545454545454545,1731562200,88,Extreme Greed,2024-11-14,1,84.0,80.0,76.0,4729.0112446,2707.607877091006,0,-0.4417059455184259,0.6855699553224361
2024-11-15,149,4140.740438,9582.942416107382,466.427513,55,94,0.3691275167785235,1731648600,80,Extreme Greed,2024-11-15,1,88.0,84.0,80.0,5358.9364654,1851.6696501378308,0,-0.27020641491772757,0.5292764899716516
2024-11-16,157,2769.521909,1931.822101910828,100.171303,48,109,0.3057324840764331,1731735000,86,Extreme Greed,2024-11-16,1,80.0,88.0,84.0,4562.914648,1956.8791973150546,0,-0.6701552907580999,-0.4103221846408548
2024-11-17,209,882.975285,5818.122344497608,271.111689,49,160,0.23444976076555024,1731821400,90,Extreme Greed,2024-11-17,1,86.0,80.0,88.0,4040.6298261999996,2566.798904445501,0,-0.5092770165927055,0.2864510973638868
2024-11-18,346,4470.815187,6024.102832369942,445.104339,124,222,0.3583815028901734,1731907800,83,Extreme Greed,2024-11-18,1,90.0,86.0,80.0,3365.5124088,1563.334924710574,0,-0.2162160631733507,0.06796117372646428
2024-11-19,305,2958.268991,2059.118524590164,201.486933,150,155,0.4918032786885246,1731994200,90,Extreme Greed,2024-11-19,1,83.0,90.0,86.0,3044.4643619999997,1413.4493212726854,2,-0.3906707796479661,-0.7700333162872908
2024-11-20,550,4210.0928969999995,3635.480218181818,644.057369,219,331,0.3981818181818182,1732080600,83,Extreme Greed,2024-11-20,1,90.0,83.0,90.0,3058.3348538,1427.1705074471024,2,0.007617144108776678,-0.29562268027395167
2024-11-21,535,1692.430891,1118.3189158878504,198.628267,165,370,0.308411214953271,1732167000,82,Extreme Greed,2024-11-21,1,83.0,90.0,83.0,2842.9166502,1557.0419338929757,2,-0.3550539687017489,-0.5222609218437592
2024-11-22,679,-18105.345617,2425.2041531664213,436.439059,209,470,0.3078055964653903,1732253400,94,Extreme Greed,2024-11-22,0,82.0,83.0,90.0,-954.7475301999999,9651.095456741059,0,-0.21577243409074087,-0.2209611033595526
2024-11-23,363,2901.531638,1422.1644077134986,154.621867,128,235,0.3526170798898072,1732339800,93,Extreme Greed,2024-11-23,1,94.0,82.0,83.0,-1268.60424,9454.04942490124,2,-0.46804275758373837,-0.5775069414600345
2024-11-24,172,945.550386,3866.001627906977,202.583126,46,126,0.26744186046511625,1732426200,80,Extreme Greed,2024-11-24,1,93.0,94.0,82.0,-1671.1479610000001,9270.140482676248,0,-0.5967221992430679,-0.04918590190448995
2024-11-25,255,5523.740734,3676.1210588235294,283.779701,105,150,0.4117647058823529,1732512600,82,Extreme Greed,2024-11-25,1,80.0,93.0,94.0,-1408.4183935999997,9494.397209011104,2,-0.3826104337996382,-0.3826120708768633
2024-11-26,302,1094.809359,3797.6901986754965,311.298478,88,214,0.2913907284768212,1732599000,79,Extreme Greed,2024-11-26,1,82.0,80.0,93.0,-1527.9426999999998,9449.25613535785,0,-0.42884500277109205,-0.0939283468679207
2024-11-27,213,-2654.495633,6780.481361502348,439.714536,74,139,0.3474178403755869,1732685400,75,Extreme Greed,2024-11-27,0,79.0,82.0,80.0,1562.2272968000002,2994.4468203271017,0,-0.35316022740192204,0.22914441589689682
2024-11-28,332,-127075.39958499999,5705.497439759036,315.582009,109,223,0.32831325301204817,1732771800,77,Extreme Greed,2024-11-28,0,75.0,79.0,82.0,-24433.1589478,57451.96173907426,0,-1.1169031766398394,0.644977211212257
2024-11-29,393,176844.994152,2021.0252162849874,192.45173557,192,201,0.48854961832061067,1732858200,78,Extreme Greed,2024-11-29,1,77.0,75.0,79.0,10746.729805400002,108263.11097859187,2,0.7259430043986055,-1.5476109150162136
2024-11-30,373,37316.69352,4643.950938337802,552.3753395,157,216,0.42091152815013405,1732944600,84,Extreme Greed,2024-11-30,1,78.0,77.0,75.0,17105.320362600003,108811.91316054991,2,0.06389870206279599,-0.3659681909965971
2024-12-01,416,40886.364494,1958.441875,245.38375138,221,195,0.53125,1733031000,81,Extreme Greed,2024-12-01,1,84.0,78.0,77.0,25063.6313896,108803.32923215984,2,-0.031912648709135454,-1.0316712028074966
2024-12-02,270,18489.604313,2167.568740740741,147.88781359,110,160,0.4074074074074074,1733117400,80,Extreme Greed,2024-12-02,1,81.0,84.0,78.0,29292.451378800004,107863.53239378992,2,-0.3980198833591254,-0.6584472328581075
2024-12-03,374,23576.539285,2900.177887700535,330.57309170999997,161,213,0.4304812834224599,1733203800,76,Extreme Greed,2024-12-03,1,80.0,81.0,84.0,59422.8391528,66296.17632419217,2,-0.1648985804045577,-0.6008567767412247
2024-12-04,319,292891.815021,2411.5600313479626,172.60641765,148,171,0.46394984326018807,1733290200,78,Extreme Greed,2024-12-04,1,76.0,80.0,81.0,82632.20332659999,117905.85149003756,2,1.3588099725337504,-1.9593136937612858
2024-12-05,456,71574.11848800001,2756.0324342105264,352.76572323,193,263,0.4232456140350877,1733376600,84,Extreme Greed,2024-12-05,1,78.0,76.0,80.0,89483.6883202,115586.79730027686,2,0.19304687963370679,-0.8183783224595814
2024-12-06,403,-92624.643895,8612.950918114144,691.99378587,94,309,0.23325062034739455,1733463000,72,Greed,2024-12-06,0,84.0,78.0,76.0,62781.4866424,142019.31008446062,0,-0.6536621439214108,1.146347289549617
2024-12-07,304,85906.279067,1485.965197368421,108.4520379,131,173,0.4309210526315789,1733549400,75,Extreme Greed,2024-12-07,1,72.0,84.0,78.0,76264.8215932,139948.1344328023,2,0.016221266188878408,-1.106215853992798
2024-12-08,420,15965.933436,2221.2850476190474,234.17888346,152,268,0.3619047619047619,1733635800,79,Extreme Greed,2024-12-08,1,75.0,72.0,84.0,74742.7004234,140703.80048262287,2,-0.28110435748052387,-0.5372540813194109
2024-12-09,539,6310.967676,1825.5096103896105,174.77343643,172,367,0.31910946196660483,1733722200,78,Extreme Greed,2024-12-09,1,79.0,75.0,72.0,17426.5309544,70459.89518001376,2,-0.3133805078736994,-0.4784097815376195
2024-12-10,1596,39325.770231,1973.94992481203,453.54068535,937,659,0.5870927318295739,1733808600,78,Extreme Greed,2024-12-10,1,78.0,79.0,75.0,10976.861303,65570.59471904699,2,0.9995098735623162,-1.1768727747582526
2024-12-11,1221,319051.554217,1796.9683292383293,413.50923006,870,351,0.7125307125307125,1733895000,74,Greed,2024-12-11,1,78.0,78.0,79.0,93312.10092540001,129883.88822676595,2,2.4633775632788226,-2.6837178390182923
2024-12-12,1932,599151.795008,2358.7939285714288,698.96545151,1352,580,0.6997929606625258,1733981400,83,Extreme Greed,2024-12-12,1,74.0,78.0,78.0,195961.20411360002,260102.89102059376,1,4.858372520664785,-3.8139583876062995
2024-12-13,1173,31935.901745,2455.9459846547315,453.22737636,471,702,0.40153452685422,1734067800,76,Extreme Greed,2024-12-13,1,83.0,74.0,78.0,199155.1977754,257424.28500548154,2,0.5311981394302704,-0.6652595290533028
2024-12-14,1235,167801.399244,1918.6735060728743,232.09144503,585,650,0.47368421052631576,1734154200,83,Extreme Greed,2024-12-14,1,76.0,83.0,74.0,231453.28408900002,236456.8574520768,2,1.3235301001745012,-1.5408780791705228
2024-12-15,1697,97525.315279,1522.256812021214,231.33057037999998,417,1280,0.24572775486152032,1734240600,80,Extreme Greed,2024-12-15,1,83.0,76.0,83.0,243093.19309860002,225828.28852028513,2,1.1040510543227768,-0.8393892197281195
2024-12-16,1055,166774.344133,2597.9231943127966,402.150056,535,520,0.5071090047393365,1734327000,83,Extreme Greed,2024-12-16,1,80.0,83.0,76.0,212637.7510818,223277.2312202098,2,1.3009505532121515,-1.467306130999754
2024-12-17,1941,219591.305172,2696.3408706852138,746.14038598,847,1094,0.4363730036063885,1734413400,87,Extreme Greed,2024-12-17,1,83.0,80.0,83.0,136725.65311460002,72891.87300180332,1,2.4328176183330736,-1.5287962755002105
2024-12-18,1429,13682.994673,2658.423421973408,691.44797021,523,906,0.36599020293911827,1734499800,81,Extreme Greed,2024-12-18,1,87.0,83.0,80.0,133075.0717002,79600.36224760843,2,0.7195530532607294,-0.4498111379072114
2024-12-19,3339,62744.004486000005,2468.316678646301,1056.23317908,2053,1286,0.6148547469302186,1734586200,75,Extreme Greed,2024-12-19,1,81.0,87.0,83.0,112063.59274860001,81972.55734686962,1,2.806353695367924,-1.265323806139709
2024-12-20,2488,254969.660039,3087.3290635048234,1210.83830578,1383,1105,0.5558681672025724,1734672600,74,Greed,2024-12-20,1,75.0,81.0,87.0,143552.46170060002,102629.23419911531,1,3.3807467786424152,-1.8201762371271832
2024-12-21,1681,150022.163157,2607.302272456871,680.39159713,924,757,0.5496728138013087,1734759000,73,Greed,2024-12-21,1,74.0,75.0,81.0,140202.0255054,101952.82358636228,2,1.8437499249179725,-1.463645850283899
2024-12-22,774,352197.163973,3988.7858139534887,333.05684453,337,437,0.4354005167958656,1734845400,73,Greed,2024-12-22,1,73.0,74.0,75.0,166723.1972656,138473.7621349012,2,2.167059805425053,-1.9544898027288813
2024-12-23,2347,-29430.626577,2885.333728163613,1200.89694657,681,1666,0.2901576480613549,1734931800,70,Greed,2024-12-23,0,73.0,73.0,74.0,158100.47301560003,151148.2660586988,2,1.376264735270359,-0.02445915089001612
2024-12-24,338,14813.780116,5227.917485207101,386.78244023,114,224,0.33727810650887574,1735018200,73,Greed,2024-12-24,1,70.0,73.0,73.0,148514.42814160002,159970.27248854763,0,-0.21972651642257918,-0.04994051452883634
2024-12-25,208,756.6570469999998,1672.5449519230767,66.51878221999999,63,145,0.30288461538461536,1735104600,73,Greed,2024-12-25,1,73.0,70.0,73.0,97671.82754320001,158063.86736277965,0,-0.6680027388715585,-0.4402454736206629
2024-12-26,697,60228.639722,3163.9062410329984,523.35899848,358,339,0.5136298421807748,1735191000,79,Extreme Greed,2024-12-26,1,73.0,73.0,70.0,79713.1228562,155712.55887682547,2,0.4577390347159608,-0.8826485701213351
2024-12-27,260,2672.811035,1338.126923076923,88.5556466,110,150,0.4230769230769231,1735277400,74,Greed,2024-12-27,1,79.0,73.0,73.0,9808.2522686,32556.897466955994,2,-0.5413323054114509,-0.7412694678370827
2024-12-28,161,940.673623,1748.7888819875777,48.40849263,37,124,0.22981366459627328,1735363800,72,Greed,2024-12-28,1,74.0,79.0,73.0,15882.512308599999,25466.975937005507,0,-0.7538644280953536,-0.2797157804448521
2024-12-29,201,2884.067927,1714.5698507462685,72.1173571,64,137,0.31840796019900497,1735450200,73,Greed,2024-12-29,1,72.0,74.0,79.0,13496.569870800002,26142.02179807274,0,-0.6473666267214613,-0.4747846101839769
2024-12-30,304,9009.738137,3532.453059210526,284.90632048,120,184,0.39473684210526316,1735536600,65,Greed,2024-12-30,1,73.0,72.0,74.0,15147.1860888,25386.142014480218,2,-0.33685538496393547,-0.38457703706809454
2024-12-31,306,5445.01281,2866.551045751634,266.51641113,92,214,0.3006535947712418,1735623000,64,Greed,2024-12-31,1,65.0,73.0,72.0,4190.4607064,3137.2908153484314,0,-0.43771642392800114,-0.26390120624903873
2025-01-01,96,-9528.065345,2943.5635416666664,31.60438221,29,67,0.3020833333333333,1735709400,66,Greed,2025-01-01,0,64.0,65.0,73.0,1750.2854304000005,6990.93688732254,0,-0.8051291362335927,-0.22713287405883195
2025-01-02,361,8716.519087,2145.9136842105263,176.13969323,165,196,0.45706371191135736,1735795800,70,Greed,2025-01-02,1,66.0,64.0,65.0,3305.4545232000005,7603.830938970378,2,-0.3444136731291063,-0.7215065587153737
2025-01-03,508,6028.486793,1518.1279330708662,210.99783681,138,370,0.27165354330708663,1735882200,74,Greed,2025-01-03,1,70.0,66.0,64.0,3934.3382964,7689.812154268088,0,-0.35591801908454523,-0.40829071128929434
2025-01-04,371,2553.537968,4921.912722371967,233.711971,75,296,0.20215633423180593,1735968600,73,Greed,2025-01-04,1,74.0,70.0,66.0,2643.0982626000005,7147.4342555952135,0,-0.43393370675929005,0.20981182186820269
2025-01-05,239,3187.719363,1890.977280334728,139.34161097,100,139,0.41841004184100417,1736055000,72,Greed,2025-01-05,1,73.0,74.0,70.0,2191.6395732000005,6995.893045621812,2,-0.5187789343228313,-0.6491891089500857
2025-01-06,573,6064.185393,971.2512914485166,174.93108825,89,484,0.15532286212914484,1736141400,76,Extreme Greed,2025-01-06,1,72.0,73.0,74.0,5310.089720800001,2489.555641302188,0,-0.4062132237331196,-0.25012815001877303
2025-01-07,637,16098.227531,2061.504081632653,303.38645263,485,152,0.7613814756671899,1736227800,78,Extreme Greed,2025-01-07,1,76.0,72.0,73.0,6786.431409600002,5446.8748296402155,2,0.15552710804317152,-1.3901429384019015
2025-01-08,1039,130117.090554,3058.0126852743024,696.91291038,386,653,0.37151106833493747,1736314200,70,Greed,2025-01-08,1,78.0,76.0,72.0,31604.1521618,55337.49739082566,2,1.1441339558221904,-0.8967778127652782
2025-01-09,522,46975.928902,1955.427681992337,275.51377943,145,377,0.2777777777777778,1736400600,69,Greed,2025-01-09,1,70.0,78.0,76.0,40488.6303486,53025.08378534981,2,-0.05017047847220091,-0.5324972875449769
2025-01-10,819,-10116.875552,7994.444053724053,2094.17917505,432,387,0.5274725274725275,1736487000,50,Neutral,2025-01-10,0,69.0,70.0,78.0,37827.7113656,55634.51010771781,2,1.0346113276772062,0.3659714523108021
2025-01-11,283,2269.080536,5859.006042402827,494.64797735,69,214,0.24381625441696114,1736573400,69,Greed,2025-01-11,1,50.0,69.0,70.0,37068.6903942,56199.21916671005,0,-0.3250032284570851,0.30997138064741364
2025-01-12,602,5742.241803,3751.59330564784,612.0827527,472,130,0.7840531561461794,1736659800,62,Greed,2025-01-12,1,69.0,50.0,69.0,34997.4932486,57344.45422260155,2,0.2737556841112861,-1.1009897287023496
2025-01-13,408,9655.429352,7197.666691176471,863.10012478,158,250,0.3872549019607843,1736746200,61,Greed,2025-01-13,1,62.0,69.0,50.0,10905.1610082,21481.53723224301,2,0.11762298283988952,0.2251283817259105
2025-01-14,275,16069.512355,3187.5708,240.59104948,137,138,0.49818181818181817,1736832600,63,Greed,2025-01-14,1,61.0,62.0,69.0,4723.8776988,9751.34194701468,2,-0.28456800662167353,-0.6837512803502939
2025-01-15,267,14819.5883,6747.565131086143,513.60899482,123,144,0.4606741573033708,1736919000,70,Greed,2025-01-15,1,63.0,61.0,62.0,9711.1704692,5866.528971079642,2,-0.10150384667928405,-0.07592632920965192
2025-01-16,371,20807.709328,8220.196657681941,890.56916796,127,244,0.3423180592991914,1737005400,75,Extreme Greed,2025-01-16,1,70.0,63.0,61.0,13418.8962276,5845.446288513339,0,0.16751817157547091,0.41102884578621735
2025-01-17,238,7006.415608,4664.8338655462185,351.41464889,126,112,0.5294117647058824,1737091800,75,Extreme Greed,2025-01-17,1,75.0,70.0,63.0,13671.7309886,5443.946792257958,2,-0.2595666719996199,-0.4891660954851097
2025-01-18,651,443.2330819999997,4165.330076804916,815.9342014599999,248,403,0.38095238095238093,1737178200,77,Extreme Greed,2025-01-18,1,75.0,75.0,70.0,11829.2917346,8069.011598595979,2,0.1504689402624846,-0.14346787058642324
2025-01-19,1567,87923.799302,6199.8821314613915,2162.35563971,317,1250,0.20229738353541799,1737264600,77,Extreme Greed,2025-01-19,1,77.0,75.0,75.0,26200.149124,35356.126389906545,1,2.00133828742994,0.3360512559529057
2025-01-20,1315,87277.239173,6302.149817490495,2207.65981966,687,628,0.5224334600760456,1737351000,76,Extreme Greed,2025-01-20,1,77.0,77.0,75.0,40691.67929859999,43448.516152379634,1,2.021189395530152,-0.28614903145003984
2025-01-21,530,11077.839421,2874.961924528302,398.3042653,205,325,0.3867924528301887,1737437400,76,Extreme Greed,2025-01-21,1,76.0,77.0,77.0,38745.7053172,44759.82406186757,2,-0.11409721656089607,-0.45398195429799865
2025-01-22,832,20524.408057,2137.5077283653845,471.17013976,234,598,0.28125,1737523800,84,Extreme Greed,2025-01-22,1,76.0,76.0,77.0,41449.303807,42725.44130499753,2,0.13102542484449065,-0.37771137680031963
2025-01-23,1218,101256.24216,3035.3273070607556,1088.34986968,805,413,0.6609195402298851,1737610200,75,Extreme Greed,2025-01-23,1,84.0,76.0,76.0,61611.905622599996,42321.8998209285,2,1.475414412512527,-1.3007374548726136
2025-01-24,874,10602.779738,1843.7453661327231,338.6436011,488,386,0.5583524027459954,1737696600,75,Extreme Greed,2025-01-24,1,75.0,84.0,76.0,46147.7017098,44380.40102072773,2,0.1948350011942368,-0.9806939442965196
2025-01-25,506,-10348.016255999999,2449.363043478261,318.93376206,141,365,0.27865612648221344,1737783000,75,Extreme Greed,2025-01-25,0,75.0,75.0,84.0,26622.650623999994,43221.72247857948,0,-0.3770294686561437,-0.2050943450842033
2025-01-26,451,40823.466668,2663.3562305986693,382.25815423,196,255,0.43458980044345896,1737869400,73,Greed,2025-01-26,1,75.0,75.0,75.0,32571.7760734,42589.70159843955,2,0.02188391684358699,-0.7108524046661765
2025-01-27,773,41331.765392,1950.8775032341528,406.25916743,368,405,0.4760672703751617,1737955800,71,Greed,2025-01-27,1,73.0,75.0,75.0,36733.2475404,42132.35052148953,2,0.29174422317097104,-0.9097802789418888
2025-01-28,498,17979.613973,1163.4782530120483,124.71028463,313,185,0.6285140562248996,1738042200,72,Greed,2025-01-28,1,71.0,73.0,75.0,20077.921903000002,21806.090999551216,2,-0.12936864978072718,-1.2683446583057212
2025-01-29,910,23421.01147,2085.1795714285713,612.52114509,379,531,0.4164835164835165,1738128600,72,Greed,2025-01-29,1,72.0,71.0,73.0,22641.5682494,21157.49828418881,2,0.3591522415980969,-0.6532862206438942
2025-01-30,1067,23097.471385,2825.114498594189,874.65111573,370,697,0.3467666354264292,1738215000,70,Greed,2025-01-30,1,72.0,72.0,71.0,29330.665777600003,10939.995060591671,2,0.5847147430125437,-0.3639650138683971
2025-01-31,1016,35868.296773,2739.578228346457,670.93805151,550,466,0.5413385826771654,1738301400,76,Extreme Greed,2025-01-31,1,70.0,72.0,72.0,28339.6317986,9804.072784958462,2,0.6348756707764414,-0.8777558227669111
2025-02-01,634,32300.205017,2151.019621451104,285.47738189,378,256,0.5962145110410094,1738387800,68,Greed,2025-02-01,1,76.0,70.0,72.0,26533.319723599998,7332.39662455516,2,0.14603026290177887,-1.11034652845526
2025-02-02,1319,162854.759623,4291.957763457164,1184.12208921,473,846,0.35860500379075055,1738474200,60,Greed,2025-02-02,1,68.0,76.0,70.0,55508.3488536,60265.37913635678,2,1.8234190971035544,-0.7672528416559563
2025-02-03,2380,348871.326269,9492.815701680673,2991.56562406,1103,1277,0.4634453781512605,1738560600,44,Fear,2025-02-03,1,60.0,68.0,76.0,120598.41181339999,139978.8568917653,1,4.858318928524727,-0.8112962466408798
2025-02-04,2512,416876.88812,6241.404964171974,3853.77856394,695,1817,0.276671974522293,1738647000,72,Greed,2025-02-04,1,44.0,60.0,68.0,199354.29516039998,177227.5217313948,1,5.621351217193167,-0.9677967058217717
2025-02-05,1297,56706.235562,6741.1191287586735,1335.74961667,417,880,0.3215111796453354,1738733400,54,Neutral,2025-02-05,1,72.0,44.0,60.0,203521.8829182,172606.7286753887,2,1.271911062946837,0.13456778931212568
2025-02-06,1703,33803.799733,1655.0257604227834,709.13035861,785,918,0.46095126247798,1738819800,49,Neutral,2025-02-06,1,54.0,72.0,44.0,203822.60186139998,172234.75531481675,2,1.0940056103482776,-0.8828960729419264
2025-02-07,1524,22450.002091,2270.5141338582675,738.0892383400001,430,1094,0.2821522309711286,1738906200,44,Fear,2025-02-07,1,49.0,54.0,72.0,175741.650355,191006.67554806726,2,0.8100201190375047,-0.36124807121481334
2025-02-08,575,586.703253,1460.4086434782607,109.97628618,110,465,0.19130434782608696,1738992600,44,Fear,2025-02-08,1,44.0,49.0,54.0,106084.72575179997,174913.64691043747,0,-0.43803615408087015,-0.2513990469490001
2025-02-09,764,150551.829492,3823.19332460733,427.36182496,329,435,0.4306282722513089,1739079000,46,Neutral,2025-02-09,1,44.0,44.0,49.0,52819.71402619998,58264.232718142186,2,0.9749431947660794,-1.050443484187192
2025-02-10,889,63908.49465,4077.5685489313837,491.3623421,425,464,0.4780652418447694,1739165400,43,Fear,2025-02-10,1,46.0,44.0,44.0,54260.16584379998,58472.995382090085,2,0.6104295799974856,-0.7265804915750043
2025-02-11,848,-6093.784817,3298.990766509434,476.43012785,185,663,0.21816037735849056,1739251800,47,Neutral,2025-02-11,0,43.0,46.0,44.0,46280.64893379998,64385.82482025454,0,-0.026952133808843544,0.022939020575596894
2025-02-12,1031,19848.635032,4019.3739476236665,1099.15503114,477,554,0.4626576139670223,1739338200,46,Neutral,2025-02-12,1,47.0,43.0,46.0,45760.37552199998,64636.55304659583,2,0.74725041202987,-0.3833187330442811
2025-02-13,1370,27829.534238,2335.6585474452554,823.48748402,641,729,0.4678832116788321,1739424600,50,Neutral,2025-02-13,1,46.0,47.0,43.0,51208.94171899998,60917.88734405337,2,0.8804919686981568,-0.7334577104071033
2025-02-14,1655,213860.675308,2421.210525679758,961.57771575,710,945,0.42900302114803623,1739511000,48,Neutral,2025-02-14,1,50.0,46.0,47.0,63870.71088219999,87505.61566346539,1,2.277276748776771,-1.456311213706915
2025-02-15,932,45042.92701,1837.8250536480687,374.08731802,401,531,0.4302575107296137,1739597400,50,Neutral,2025-02-15,1,48.0,50.0,46.0,60097.597354199985,87909.37546703672,2,0.3896826052921448,-0.8639688174112164
2025-02-16,681,2369.478425,1183.8144493392072,171.57200528,300,381,0.44052863436123346,1739683800,54,Neutral,2025-02-16,1,50.0,48.0,50.0,61790.25000259998,86384.52473743066,2,-0.1725240839828362,-0.807954696740792
2025-02-17,941,1818.573295,2158.3896280552603,253.48675564,211,730,0.22422954303931988,1739770200,51,Neutral,2025-02-17,1,54.0,50.0,48.0,58184.237655199984,88912.35961886556,0,-0.042686538351049005,-0.2288941601341749
2025-02-18,1676,91204.672403,2011.413293556086,609.53940291,858,818,0.5119331742243437,1739856600,47,Neutral,2025-02-18,1,51.0,54.0,50.0,70859.2652882,88016.03580581053,2,1.4105735663256134,-1.2170834889274766
2025-02-19,1361,14985.794701,2398.185334313005,688.4874495,582,779,0.4276267450404115,1739943000,44,Fear,2025-02-19,1,47.0,51.0,54.0,31084.28916679999,37912.68935461092,2,0.7048531696708054,-0.6135818304073636
2025-02-20,2012,46008.794102,2300.5016351888667,1232.46402475,964,1048,0.47912524850894633,1740029400,49,Neutral,2025-02-20,1,44.0,47.0,51.0,31277.46258519999,38003.94306408292,2,1.6940048862454085,-0.7977655794944225
2025-02-21,1873,119693.49395,2120.747399893219,829.71831377,978,895,0.5221569674319274,1740115800,55,Greed,2025-02-21,1,49.0,44.0,47.0,54742.26569019999,50014.840007704406,2,1.8539787628167237,-1.3160832794089186
2025-02-22,686,25278.704178,4629.111078717201,880.16463397,341,345,0.4970845481049563,1740202200,49,Neutral,2025-02-22,1,55.0,49.0,44.0,59434.29186679999,44617.94923575327,2,0.44054695326469534,-0.4232460852389401
2025-02-23,520,10656.934251,2194.8283461538463,230.00271917,234,286,0.45,1740288600,50,Neutral,2025-02-23,1,49.0,55.0,49.0,43324.74423639999,44820.00526634583,2,-0.18698845295311672,-0.708484864575421
2025-02-24,5616,38470.176242,1998.5077617521367,2097.96443324,2228,3388,0.39672364672364674,1740375000,49,Neutral,2025-02-24,1,50.0,49.0,55.0,48021.620544599995,42265.526799836305,1,4.784109381433974,-0.6976157516669856
2025-02-25,6246,204762.177034,3108.3868651937237,3186.61506431,1628,4618,0.260646813960935,1740461400,25,Fear,2025-02-25,1,49.0,50.0,49.0,79772.297131,81652.49886335178,1,6.769509318109999,-0.8129896977704127
2025-02-26,1176,63229.063129,4206.597049319727,754.17254667,789,387,0.6709183673469388,1740547800,21,Extreme Fear,2025-02-26,1,25.0,49.0,50.0,68479.41096679997,78598.42957832292,2,1.0764558009569836,-1.0707248170169024
2025-02-27,890,-36525.167517,2247.0768876404495,512.14597331,247,643,0.27752808988764044,1740634200,10,Extreme Fear,2025-02-27,0,21.0,25.0,49.0,56118.636627799984,90976.05351536823,0,-0.1503667007968757,-0.09780078351506909
2025-02-28,1019,225628.108748,4046.7721000981355,878.39826396,396,623,0.3886162904808636,1740720600,16,Extreme Fear,2025-02-28,1,10.0,21.0,25.0,99112.87152719998,112395.22102326325,2,1.8336434729483184,-1.1858946795975296
2025-03-01,174,10596.108968,1516.230632183908,37.06354539,78,96,0.4482758620689655,1740807000,20,Extreme Fear,2025-03-01,1,16.0,10.0,21.0,93538.05807239999,116761.54211972137,2,-0.5657745522765314,-0.8108570677973312
2025-03-02,532,66914.320708,12144.452518796992,1931.69694201,267,265,0.5018796992481203,1740893400,26,Fear,2025-03-02,1,20.0,16.0,10.0,65968.48680719998,98831.47692718088,2,1.281050417147811,0.6028482830397284
2025-03-03,1482,616413.032233,5563.151403508772,1040.56404242,912,570,0.6153846153846154,1740979800,33,Fear,2025-03-03,1,26.0,20.0,16.0,176605.28062799998,264976.3365560345,1,4.814410789384852,-3.1905676909272627
2025-03-04,2402,182075.566585,4631.24360949209,2220.33648528,609,1793,0.25353871773522063,1741066200,15,Extreme Fear,2025-03-04,1,33.0,26.0,20.0,220325.42744839998,237643.596405733,1,3.235869513477078,-0.4389142523214338
2025-03-05,1660,269328.365917,5538.345915662651,2321.32151085,1259,401,0.7584337349397591,1741152600,20,Extreme Fear,2025-03-05,1,15.0,33.0,26.0,229065.4788822,238688.67940523938,1,3.5721267239130223,-1.6836246895024438
2025-03-06,760,16101.125561,8901.743368421052,1306.61716326,365,395,0.48026315789473684,1741239000,25,Fear,2025-03-06,1,20.0,15.0,33.0,230166.48220080003,237438.42983926387,2,0.7441863528446265,0.2973916963609653
2025-03-07,2552,150236.061627,7779.888510971787,4916.50104687,1333,1219,0.5223354231974922,1741325400,34,Fear,2025-03-07,1,25.0,20.0,15.0,246830.83038459998,225752.70389145886,1,4.749535342870155,0.134391860895354
2025-03-08,529,24700.773359,1686.3582419659735,208.339773,301,228,0.5689981096408318,1741411800,28,Fear,2025-03-08,1,34.0,25.0,20.0,128488.37860979997,107915.72187122368,2,-0.046232903044874214,-1.090026978885475
2025-03-09,1422,19773.457395,7327.495070323488,2377.0639268,627,795,0.4409282700421941,1741498200,27,Fear,2025-03-09,1,28.0,34.0,25.0,96027.95677179997,112096.12455176073,2,1.7529952674021,0.34600180162550087
2025-03-10,2911,-10010.027269999999,5775.263029886637,3488.37247123,1157,1754,0.39745791824115423,1741584600,20,Extreme Fear,2025-03-10,0,27.0,28.0,34.0,40160.278134399974,62982.535726564136,1,3.2094441345639586,0.5048124850634479
2025-03-11,3286,-76880.729036,4265.657970176507,2441.08024204,616,2670,0.18746195982958003,1741671000,24,Extreme Fear,2025-03-11,0,20.0,27.0,28.0,21563.907214999974,82549.72547841037,1,2.401575907403345,0.7852162671819685
2025-03-12,3968,288105.984215,4692.071358366935,3658.41357197,2240,1728,0.5645161290322581,1741757400,34,Fear,2025-03-12,1,24.0,20.0,27.0,49137.89173259998,139592.58673529892,1,5.990019455889436,-1.3436191888963236
2025-03-13,962,14114.870873,3415.375488565489,809.18670717,440,522,0.4573804573804574,1741843800,45,Neutral,2025-03-13,1,34.0,24.0,20.0,47020.71123539998,140135.1027180965,2,0.4964274304146374,-0.48435790045642496
2025-03-14,2210,68646.160089,3641.261158371041,1193.48707492,1887,323,0.8538461538461538,1741930200,27,Fear,2025-03-14,1,45.0,34.0,24.0,56795.25177419998,139462.29511753263,2,2.2178671205772003,-1.5258928501570648
2025-03-15,261,78694.624572,9025.86030651341,574.332888,155,106,0.5938697318007663,1742016600,46,Neutral,2025-03-15,1,27.0,45.0,34.0,74536.18214259998,134389.23060171207,2,0.44442942739817887,-0.3258566581180084
2025-03-16,530,-7910.943544999999,19222.49341509434,2442.48300218,123,407,0.2320754716981132,1742103000,30,Fear,2025-03-16,0,46.0,27.0,45.0,88330.13924079997,117431.83393784726,0,1.0832493806850139,2.5304085563773264
2025-03-17,920,26163.906513,3905.320706521739,807.74000798,417,503,0.4532608695652174,1742189400,32,Fear,2025-03-17,1,30.0,46.0,27.0,35941.723700399976,36716.70032242758,2,0.5455607983024493,-0.4627422548848719
2025-03-18,834,72322.788824,4856.901043165468,857.936131,188,646,0.22541966426858512,1742275800,34,Fear,2025-03-18,1,32.0,30.0,46.0,47583.30729059997,37289.41667218862,0,0.6712878804887191,-0.0522499400880104
2025-03-19,1612,29374.682341,2852.8620161290323,784.4900710184,671,941,0.4162531017369727,1742362200,32,Fear,2025-03-19,1,34.0,32.0,30.0,39729.01174099998,35851.99731065966,2,1.0362347748361536,-0.5912135697220618
2025-03-20,771,10246.859436,2143.0063942931256,329.235446,315,456,0.4085603112840467,1742448600,49,Neutral,2025-03-20,1,32.0,34.0,32.0,26039.45871379998,29813.259866506574,2,0.026532609551486532,-0.6231847757133311
2025-03-21,698,6951.270374,3644.560730659026,633.46068283,349,349,0.5,1742535000,31,Fear,2025-03-21,1,49.0,32.0,34.0,29011.901497599978,26090.582091618464,2,0.1931275847076819,-0.5312949705305129
2025-03-22,535,12498.535254,1816.4662056074767,268.83480197,254,281,0.4747663551401869,1742621400,32,Fear,2025-03-22,1,31.0,49.0,32.0,26278.827245799977,27157.437335155668,2,-0.13860786190186403,-0.8100127164495747
2025-03-23,447,14047.421585,5802.057427293064,597.21601403,146,301,0.32662192393736017,1742707800,30,Fear,2025-03-23,1,32.0,31.0,49.0,14623.753797999976,8666.931575071038,0,-0.028137194330667636,0.0888960991913388
2025-03-24,1027,107878.961301,2938.254186952288,531.10535137,632,395,0.6153846153846154,1742794200,45,Neutral,2025-03-24,1,30.0,32.0,31.0,30324.60958999998,43436.22417478542,2,1.059154614685154,-1.3568037437089102
2025-03-25,791,32030.90678,6792.060391908975,1401.35398577,286,505,0.3615676359039191,1742880600,46,Neutral,2025-03-25,1,45.0,30.0,32.0,34681.41905879998,41987.22644259169,2,0.7932672819133412,0.21754694657038304
2025-03-26,3102,15802.167427,2449.30830754352,1796.80351609,841,2261,0.27111540941328177,1742967000,47,Neutral,2025-03-26,1,46.0,45.0,30.0,36451.59846939998,40692.46262433938,1,2.507586737449133,-0.1649093287892468
2025-03-27,785,58825.359221,4127.744535031847,714.0241193,262,523,0.33375796178343947,1743053400,40,Fear,2025-03-27,1,47.0,46.0,45.0,45716.963262799974,39118.75211049056,2,0.527254309256336,-0.3409429102843328
2025-03-28,728,21337.179335,2037.2151236263737,389.28339505,231,497,0.3173076923076923,1743139800,44,Fear,2025-03-28,1,40.0,47.0,46.0,47174.91481279998,37755.43983124023,2,0.03439581121342232,-0.48002252529177214
2025-03-29,1894,12098.872931,1936.7221911298839,839.84451462,674,1220,0.3558606124604013,1743226200,26,Fear,2025-03-29,1,44.0,40.0,47.0,28018.897138799977,18791.456408570622,2,1.1177275918068328,-0.5160913569457923
2025-03-30,568,15795.11514,5019.146056338028,759.07175327,94,474,0.16549295774647887,1743312600,32,Fear,2025-03-30,1,26.0,44.0,40.0,24771.738810799976,19320.19522920541,0,0.0424417303829017,0.3414307522039369
2025-03-31,495,6978.184557,4373.277717171717,482.00163111,259,236,0.5232323232323233,1743399000,34,Fear,2025-03-31,1,32.0,26.0,44.0,23006.942236799976,20698.216120080702,2,-0.007745743088266342,-0.5037040371278306
2025-04-01,192,-2202.6622420000003,3668.9853645833336,162.93599482,88,104,0.4583333333333333,1743485400,34,Fear,2025-04-01,0,34.0,32.0,26.0,10801.337944199977,8963.061477532376,2,-0.5110201671256746,-0.46825088907896595
2025-04-02,1076,202212.740938,3594.7310408921935,1181.2230379,963,113,0.8949814126394052,1743571800,44,Fear,2025-04-02,1,34.0,34.0,32.0,46976.450264799976,87042.33649409177,2,2.179837992592839,-2.1322223091189194
2025-04-03,1748,-2365.961276,4960.087614416476,1337.1188527,520,1228,0.2974828375286041,1743658200,25,Fear,2025-04-03,0,44.0,34.0,34.0,44083.483423399986,88715.63455736266,2,1.2033235058330216,0.18288781366680423
2025-04-04,1272,-25515.678949999998,3015.3661399371067,836.063409361,493,779,0.38757861635220126,1743744600,28,Fear,2025-04-04,0,25.0,44.0,34.0,35821.32460539998,93787.45990394242,2,0.4553097553468557,-0.23152126656352665
2025-04-05,360,35907.33771,3521.011722222222,282.060344,209,151,0.5805555555555556,1743831000,30,Fear,2025-04-05,1,28.0,25.0,44.0,41607.15523599998,92446.00049610993,2,-0.02126341834201702,-0.8966340829259316
2025-04-06,1048,47053.449272,3388.59929389313,618.4359126335,332,716,0.31679389312977096,1743917400,34,Fear,2025-04-06,1,30.0,28.0,25.0,51458.37753879998,89177.04460493464,2,0.58153743416386,-0.389342019850443
2025-04-07,2814,34527.370305,5138.682707889126,2766.5551014029,673,2141,0.23916133617626156,1744003800,23,Extreme Fear,2025-04-07,1,34.0,30.0,28.0,17921.303412199974,30603.45305300376,1,2.9327406017531295,0.402183519764042
2025-04-08,943,34899.394798,9405.505196182397,2274.97769106,386,557,0.4093319194061506,1744090200,24,Extreme Fear,2025-04-08,1,23.0,34.0,30.0,25374.374626999976,28918.966444967868,2,1.4558836051149662,0.6268873936413356
2025-04-09,3967,43120.444797,7198.589984875221,6111.274358194,1708,2259,0.43055205444920597,1744176600,18,Extreme Fear,2025-04-09,1,24.0,23.0,34.0,39101.59937639998,5660.575010249572,1,5.714916380101951,0.8867416003683792
2025-04-10,2127,158261.822261,13512.90704748472,6868.556500782,1125,1002,0.5289139633286318,1744263000,39,Fear,2025-04-10,1,18.0,24.0,23.0,63572.49628659998,53204.79271210581,1,5.593034394588119,1.2905904872683436
2025-04-11,1096,126406.479081,10327.853166058394,2174.4390780901,368,728,0.3357664233576642,1744349400,25,Fear,2025-04-11,1,39.0,18.0,24.0,79443.10224839998,58606.41961789548,1,2.0554048510918688,0.4613790058234132
2025-04-12,2109,410419.694533,26512.383826458037,11517.596374457,574,1535,0.2721669037458511,1744435800,43,Fear,2025-04-12,1,25.0,39.0,18.0,154621.567094,152486.0021963695,1,9.6005229498739,3.421877151916232
2025-04-13,1321,48696.021521,10727.596358819075,2568.3362202649,478,843,0.3618470855412566,1744522200,45,Neutral,2025-04-13,1,43.0,25.0,39.0,157380.89243859999,149880.516368208,1,1.9785844414354212,0.8743459650232308
2025-04-14,890,45680.443063,14696.598853932584,2023.157718567,376,514,0.42247191011235957,1744608600,31,Fear,2025-04-14,1,45.0,43.0,25.0,157892.8920918,149396.20688326596,2,1.4828383533329335,1.1894087014795527
2025-04-15,1131,72357.706282,18348.51303271441,1866.90475939,647,484,0.5720601237842617,1744695000,38,Fear,2025-04-15,1,31.0,45.0,43.0,140712.06889599998,154205.32983497277,1,1.923378485869806,1.1841130189382412
2025-04-16,1608,58631.730257,22700.69396766169,5997.61790529,547,1061,0.3401741293532338,1744781400,29,Fear,2025-04-16,1,38.0,31.0,45.0,127157.11913119997,158690.72418824423,1,4.249064325219702,3.167555263010604
2025-04-17,1031,5427.919886,2526.238128031038,519.20873692,313,718,0.30358874878758485,1744867800,30,Fear,2025-04-17,1,29.0,38.0,31.0,46158.764201799975,25038.108918354123,2,0.23790864369757828,-0.310169219425319
2025-04-18,1894,4880.4047439999995,12994.007634635693,4667.32793177,971,923,0.5126715945089757,1744954200,33,Fear,2025-04-18,1,30.0,29.0,38.0,37395.640846399976,30907.64963137436,1,3.351030582707167,1.4702499868429686
2025-04-19,2786,71950.577495,11739.577426417804,6480.62633269,814,1972,0.2921751615218952,1745040600,32,Fear,2025-04-19,1,33.0,30.0,29.0,42649.66773279998,34671.72093128885,1,5.194700083290931,1.803146402846746
2025-04-20,1982,25060.341936,6118.110015136226,1887.3296081058,790,1192,0.3985872855701312,1745127000,37,Fear,2025-04-20,1,32.0,33.0,30.0,33190.19486359998,30773.046737682056,1,1.913312987365479,0.10591745894897393
2025-04-21,1718,34369.267906999994,24507.598859138536,6356.09106388,677,1041,0.3940628637951106,1745213400,39,Fear,2025-04-21,1,37.0,32.0,33.0,28337.70239359998,27496.848438908724,1,4.440077194008328,3.469287395324596
2025-04-22,2998,58652.763578,11258.714222815212,5749.685751,888,2110,0.2961974649766511,1745299800,47,Neutral,2025-04-22,1,39.0,37.0,32.0,38982.671131999974,26701.473269981223,1,4.898729608783477,1.6156055445030417
2025-04-23,6159,-419020.225731,4981.72492125345,7342.08084188,2000,4159,0.324728040266277,1745386200,72,Greed,2025-04-23,0,47.0,39.0,37.0,-45797.454963000026,209473.87352473772,1,5.089247625311941,2.9825924212257173
2025-04-24,2232,50704.395965,15720.841684587815,7366.5003199353005,923,1309,0.4135304659498208,1745472600,63,Greed,2025-04-24,1,72.0,47.0,39.0,-50046.69126900003,206685.1124275221,1,5.252433778161969,2.3971908790230194
2025-04-25,1653,20218.859206,16787.32957047792,6299.0932547382,638,1015,0.38596491228070173,1745559000,60,Greed,2025-04-25,1,63.0,72.0,47.0,-51014.98781500004,206256.1732121021,1,4.094082836219755,2.5353568156004123
2025-04-26,1131,-4125.753942,10564.215534924844,2652.30675352,195,936,0.1724137931034483,1745645400,65,Greed,2025-04-26,0,60.0,63.0,72.0,-58713.99218480002,202964.40065869223,0,1.437751987525364,1.5134322902374215
2025-04-27,337,2702.067468,1446.6993768545994,55.9267726562,120,217,0.3560830860534125,1745731800,61,Greed,2025-04-27,1,65.0,60.0,63.0,-69904.13140680004,196309.11382620616,2,-0.5362781121154474,-0.600465325164623
2025-04-28,1379,36906.813759,18944.83066715011,6007.2514035301,575,804,0.4169688179840464,1745818200,54,Neutral,2025-04-28,1,61.0,65.0,60.0,21281.27649119997,22922.20707265186,1,3.9067199200177423,2.6332074978795497
2025-04-29,2243,125749.613427,15198.177289344627,5149.2952871531,969,1274,0.43201069995541685,1745904600,60,Greed,2025-04-29,1,54.0,61.0,65.0,36290.31998359997,52495.87326186859,1,4.597729210337091,1.4702578489819296
2025-04-30,1113,14003.797269,11405.10229110512,2950.1837728755,295,818,0.26504941599281223,1745991000,56,Greed,2025-04-30,1,60.0,54.0,61.0,35047.30759619997,53042.29133981434,1,1.758988538540765,1.4164659593771027
2025-05-01,1230,54536.829297000004,8715.642699186992,2652.6136779658,530,700,0.43089430894308944,1746077400,53,Neutral,2025-05-01,1,56.0,60.0,54.0,46779.824243999974,48505.132856499855,1,1.9822046185391695,0.4676362748501212
